date,quantity,amount,avgQuantity,avgAmount
20010108,1,419.6666667,1,420
20010110,3,1034.571429,3,1035
20010111,2.416666667,978.5833333,2,979
20010116,1.571428571,732.2857143,2,732
20010119,2.619047619,1150.761905,3,1151
20010123,1.5,526.8333333,2,527
20010125,2.8,1009.2,3,1009
20010128,1.8,654.6,2,655
20010130,1.916666667,777.2083333,2,777
20010131,1,129,1,129
20010201,1,128,1,128
20010203,6,1032,6,1032
20010204,2.052631579,853.3684211,2,853
20010205,2.5,948,3,948
20010206,1.888888889,790.3333333,2,790
20010208,1.923076923,596.6153846,2,597
20010209,2.8,1326.4,3,1326
20010211,1.444444444,573.4444444,1,573
20010212,1.777777778,764.6666667,2,765
20010213,2.555555556,910.2222222,3,910
20010216,1.275862069,443.9655172,1,444
20010217,1.666666667,538.2222222,2,538
20010220,1,337.6666667,1,338
20010222,3.375,1364.75,3,1365
20010223,2.176470588,847.7058824,2,848
20010224,2.12,1086.96,2,1087
20010226,2.571428571,925.6428571,3,926
20010227,2.620689655,964.2413793,3,964
20010228,1.882352941,782.0588235,2,782
20010301,1.666666667,632.4666667,2,632
20010303,2.666666667,903.5,3,904
20010305,3.5,1140.666667,4,1141
20010306,2.257142857,917.8571429,2,918
20010307,3.571428571,1293.857143,4,1294
20010308,1.458333333,537.8333333,1,538
20010309,1.739130435,711.7391304,2,712
20010310,2.545454545,1025.727273,3,1026
20010311,3,745.5,3,746
20010312,2.739130435,961.9130435,3,962
20010313,2.615384615,1178.615385,3,1179
20010314,1.066666667,465.0666667,1,465
20010315,1.322580645,574.3548387,1,574
20010316,6,2598,6,2598
20010317,2.181818182,886.5454545,2,887
20010318,1.866666667,615.2,2,615
20010319,4,1833.25,4,1833
20010320,1.5,683.9375,2,684
20010321,1.814814815,690.7407407,2,691
20010322,1.8,802.05,2,802
20010323,1.866666667,791.2666667,2,791
20010324,2.142857143,840.2142857,2,840
20010325,1.555555556,723.3333333,2,723
20010326,2.333333333,971.6666667,2,972
20010327,2.285714286,911.4285714,2,911
20010328,2.125,896.75,2,897
20010329,1.916666667,831.25,2,831
20010330,1.75,812.6666667,2,813
20010331,3,1289,3,1289
20010401,2,850.8571429,2,851
20010402,1.75,650,2,650
20010404,2.181818182,918.0454545,2,918
20010405,2.366666667,1034.466667,2,1034
20010406,1.892857143,884.4642857,2,884
20010407,2,809.5454545,2,810
20010408,1,352.5,1,353
20010409,2.538461538,977.1538462,3,977
20010410,1.666666667,622.25,2,622
20010411,1.833333333,705.1666667,2,705
20010412,3,1503.090909,3,1503
20010413,2.5,927.4375,3,927
20010414,2.636363636,977.7272727,3,978
20010415,2.533333333,1150.866667,3,1151
20010416,2.181818182,700.5454545,2,701
20010417,2.692307692,1014.653846,3,1015
20010418,2.4375,1112,2,1112
20010419,1.75,751.625,2,752
20010420,1.95,796.95,2,797
20010421,1.941176471,923.0588235,2,923
20010422,3.166666667,1234.5,3,1235
20010423,1.75,634.6,2,635
20010424,1.285714286,415.2142857,1,415
20010425,2.36,888.24,2,888
20010426,2.285714286,728.7142857,2,729
20010427,1.833333333,877.625,2,878
20010428,2.857142857,1092.428571,3,1092
20010430,1.533333333,660.7333333,2,661
20010501,1.90625,872.75,2,873
20010502,1.486486486,591.0540541,1,591
20010503,4,1495.5,4,1496
20010504,1.523809524,662.2380952,2,662
20010505,2.258064516,917.5806452,2,918
20010506,2.346153846,1079.307692,2,1079
20010507,2.24,956.2,2,956
20010508,1.916666667,886,2,886
20010509,2.172413793,864.3793103,2,864
20010510,3.571428571,1435,4,1435
20010511,1.909090909,1298.272727,2,1298
20010512,2.428571429,881.4285714,2,881
20010514,1.714285714,686.9142857,2,687
20010515,1.580645161,676.1935484,2,676
20010516,2,749.5294118,2,750
20010517,2.25,912.25,2,912
20010518,2.12,794.72,2,795
20010519,2.090909091,869.5454545,2,870
20010520,2.108695652,861.8043478,2,862
20010521,1.825,742.95,2,743
20010522,1.761904762,661.4285714,2,661
20010523,2.6,1236.1,3,1236
20010525,2.727272727,918.9090909,3,919
20010526,1.875,858.25,2,858
20010527,2.333333333,938.1666667,2,938
20010528,2.2,1103.7,2,1104
20010529,1.923076923,875.2307692,2,875
20010530,2.48,1042.92,2,1043
20010531,1.575757576,656.5757576,2,657
20010601,1.695652174,802.5217391,2,803
20010602,2.25,792,2,792
20010603,2.074074074,1061.037037,2,1061
20010604,2.290322581,1094.806452,2,1095
20010605,1.857142857,575.7142857,2,576
20010606,1.714285714,820.9285714,2,821
20010607,2.636363636,1156.136364,3,1156
20010608,1.454545455,700.2727273,1,700
20010609,1.882352941,810.5588235,2,811
20010610,1,472.5,1,473
20010611,2,854.625,2,855
20010612,1.625,685.625,2,686
20010613,2.6,1251.466667,3,1251
20010614,1.933333333,770.4,2,770
20010615,1.411764706,633.5294118,1,634
20010616,1.75,714.53125,2,715
20010617,2,657.75,2,658
20010618,1.770833333,785.4166667,2,785
20010619,2.513513514,969.4054054,3,969
20010620,1.777777778,989.5555556,2,990
20010621,1.761904762,745.5238095,2,746
20010622,2.454545455,1059.242424,2,1059
20010623,2.5,1136,3,1136
20010624,1.666666667,743,2,743
20010625,2.416666667,1283.666667,2,1284
20010626,3,1291.909091,3,1292
20010627,2.37037037,1230.481481,2,1230
20010628,3.2,1392.266667,3,1392
20010629,1.2,595.85,1,596
20010630,1,488.3333333,1,488
20010701,2.244897959,1070.367347,2,1070
20010702,1.913043478,855.9565217,2,856
20010703,2.5625,1206.6875,3,1207
20010704,1.333333333,641.1111111,1,641
20010705,2.25,965.75,2,966
20010706,1.96,910.4,2,910
20010707,2.290322581,951.516129,2,952
20010708,1.285714286,561.4285714,1,561
20010709,1.75,650,2,650
20010710,1.875,852.28125,2,852
20010711,2.585365854,1082.097561,3,1082
20010712,1.375,564.5625,1,565
20010713,1.961538462,1068.884615,2,1069
20010714,2.409090909,1095.363636,2,1095
20010715,2.653846154,1351.884615,3,1352
20010716,1.958333333,889.1666667,2,889
20010717,1.375,619,1,619
20010718,1.75,779.875,2,780
20010719,2.434782609,1236.043478,2,1236
20010720,2.12,1030.26,2,1030
20010721,1.722222222,846.3888889,2,846
20010722,2.7,992.7,3,993
20010723,1.94,834.08,2,834
20010724,2.7,1032.25,3,1032
20010725,1.5,627.25,2,627
20010726,1.714285714,684.2857143,2,684
20010727,2.075,969.55,2,970
20010728,2.357142857,1116.857143,2,1117
20010729,2,957.7142857,2,958
20010730,2.181818182,877.5909091,2,878
20010731,2.166666667,1066.125,2,1066
20010801,1.853658537,836.5365854,2,837
20010802,2.68,1403.28,3,1403
20010803,2.634146341,1298.243902,3,1298
20010804,1.833333333,876.9166667,2,877
20010805,2.894736842,1514.526316,3,1515
20010806,2.714285714,1136.428571,3,1136
20010807,3,1494.444444,3,1494
20010808,2.307692308,771.1538462,2,771
20010809,2.611111111,1156.333333,3,1156
20010810,1.9375,867.75,2,868
20010811,2.043478261,816.7391304,2,817
20010812,2,871.7096774,2,872
20010813,1.766666667,927.1333333,2,927
20010814,1.884615385,859.7692308,2,860
20010815,2.142857143,1175.714286,2,1176
20010816,2.05,869.5,2,870
20010817,1.807692308,803.3076923,2,803
20010818,1.78125,843.875,2,844
20010819,1.739130435,890.7826087,2,891
20010820,2.038461538,1109.384615,2,1109
20010821,1.619047619,698.8571429,2,699
20010822,2.4,1149.314286,2,1149
20010823,2.166666667,1277.166667,2,1277
20010824,2.026315789,965.3157895,2,965
20010825,1.2,699.8,1,700
20010826,1.571428571,794.5,2,795
20010827,2.592592593,1223.111111,3,1223
20010828,1.674418605,902.3488372,2,902
20010829,1.68,1193.4,2,1193
20010830,2.222222222,1083.481481,2,1083
20010831,1,559,1,559
20010901,6,2940,6,2940
20010902,1.428571429,704.5714286,1,705
20010903,2.096774194,935.8064516,2,936
20010904,2.4375,946.5625,2,947
20010905,2.357142857,1291.142857,2,1291
20010906,2.45,909.45,2,909
20010907,1.75,865.5714286,2,866
20010908,1.5,803.5,2,804
20010909,2.35,1008.75,2,1009
20010910,2.777777778,1100.388889,3,1100
20010911,2,939.2,2,939
20010912,1.739130435,772.0869565,2,772
20010913,1.941176471,1084.705882,2,1085
20010914,1.85,919.15,2,919
20010915,1.470588235,666.4705882,1,666
20010916,1.6875,832.1875,2,832
20010917,1.44,803.12,1,803
20010918,2.083333333,976.3611111,2,976
20010919,2.655172414,1246.172414,3,1246
20010920,1.774193548,869.483871,2,869
20010921,1.947368421,889.8684211,2,890
20010922,1.866666667,1023.966667,2,1024
20010923,1.868421053,838.0789474,2,838
20010924,2.411764706,1250.588235,2,1251
20010925,2.32,1213.44,2,1213
20010926,2.19047619,1139.285714,2,1139
20010927,2.095238095,984.3809524,2,984
20010928,3.857142857,1948.714286,4,1949
20010930,1.5,1079.681818,2,1080
20011001,1.769230769,704.4615385,2,704
20011002,1.666666667,1180.333333,2,1180
20011003,1.621621622,767.2972973,2,767
20011004,2.785714286,1183.928571,3,1184
20011005,2.37037037,1092.185185,2,1092
20011007,2,1313.25,2,1313
20011008,1.8,904.2,2,904
20011009,3.066666667,1750.733333,3,1751
20011010,2.571428571,1277.785714,3,1278
20011011,2.117647059,977.5882353,2,978
20011012,1.272727273,730.1818182,1,730
20011013,1.916666667,959.4166667,2,959
20011014,2.833333333,1533.833333,3,1534
20011015,1.595238095,881.2142857,2,881
20011016,2.607142857,1496.5,3,1497
20011017,1.4,654.2,1,654
20011018,2,1394.857143,2,1395
20011019,2.615384615,1405.615385,3,1406
20011020,1.322580645,683.7096774,1,684
20011021,2.260869565,1327.869565,2,1328
20011022,2,936.2222222,2,936
20011023,2,904.8571429,2,905
20011024,2.548387097,1120.870968,3,1121
20011025,2.25,1223.541667,2,1224
20011026,2.0625,1110,2,1110
20011027,1.642857143,798.6785714,2,799
20011029,3,1975.666667,3,1976
20011030,2.214285714,1113.071429,2,1113
20011031,2.153846154,1153.692308,2,1154
20011101,2,1040.375,2,1040
20011102,1,813,1,813
20011103,1.807692308,1037.5,2,1038
20011104,2.565217391,1250.043478,3,1250
20011105,2.692307692,1335.038462,3,1335
20011106,2.25,1083.375,2,1083
20011107,1,443.8,1,444
20011108,2.375,935.375,2,935
20011109,1.75,890.375,2,890
20011110,2.461538462,1486.076923,2,1486
20011111,2.038461538,1057.653846,2,1058
20011112,2,851.0952381,2,851
20011113,1.888888889,949.4444444,2,949
20011115,2.5,1710.785714,3,1711
20011116,2,1102.5,2,1103
20011117,2.024390244,1053.121951,2,1053
20011118,2,1294.5,2,1295
20011119,1.333333333,1149.916667,1,1150
20011120,2.411764706,907.2941176,2,907
20011121,2.1,999.1,2,999
20011122,2.333333333,913.8888889,2,914
20011123,1,628,1,628
20011124,2.764705882,1511.941176,3,1512
20011125,1,602.375,1,602
20011126,2.296296296,1313.888889,2,1314
20011127,2.666666667,1342.416667,3,1342
20011128,2.25,1256.833333,2,1257
20011129,1.791666667,828.9583333,2,829
20011130,2.064516129,1078.032258,2,1078
20011201,1.380952381,895.7142857,1,896
20011202,2.351351351,1084.405405,2,1084
20011203,2.666666667,1279.083333,3,1279
20011204,4,1984,4,1984
20011205,2.173913043,880.6086957,2,881
20011206,3.142857143,1683,3,1683
20011207,2.028571429,915.5428571,2,916
20011208,1.596491228,770.8070175,2,771
20011209,1.833333333,929.3333333,2,929
20011210,1.714285714,1035.714286,2,1036
20011211,1.962962963,1189.703704,2,1190
20011212,4.8,1688.6,5,1689
20011213,1.315789474,560.1052632,1,560
20011214,1.3,535.5,1,536
20011215,1.529411765,718.4705882,2,718
20011216,1.952380952,919.7619048,2,920
20011217,2.666666667,967.3333333,3,967
20011218,2.818181818,1427.787879,3,1428
20011219,1.95,1256.55,2,1257
20011220,2.111111111,971.1666667,2,971
20011221,1.545454545,840.1818182,2,840
20011222,2.461538462,1327.384615,2,1327
20011224,2.84375,1342.4375,3,1342
20011225,2.476190476,1089.428571,2,1089
20011226,2.444444444,1115.777778,2,1116
20011227,2.153846154,1397,2,1397
20011228,2.058823529,1177.529412,2,1178
20011229,1.947368421,963.7894737,2,964
20011230,2.1,1777.8,2,1778
20010108,2.666666667,1039.666667,3,1040
20010110,2.142857143,820.5714286,2,821
20010111,1.666666667,625.5833333,2,626
20010116,2.142857143,832.8571429,2,833
20010119,2.142857143,890.6666667,2,891
20010123,2.833333333,976.5,3,977
20010125,1.4,496.8,1,497
20010128,1.8,602.6,2,603
20010130,1.208333333,455.5,1,456
20010131,7,903,7,903
20010201,1,128,1,128
20010203,1,172,1,172
20010204,1.789473684,703.6842105,2,704
20010205,2.875,1164.375,3,1164
20010206,2.555555556,943.7777778,3,944
20010208,1.076923077,356.3076923,1,356
20010209,2.4,1048.4,2,1048
20010211,1.444444444,556.5555556,1,557
20010212,1.555555556,696.2222222,2,696
20010213,1.333333333,537.2222222,1,537
20010216,2.142857143,777.4857143,2,777
20010217,2.333333333,756.7777778,2,757
20010220,2.333333333,680.3333333,2,680
20010222,2.875,1149.125,3,1149
20010223,1.294117647,485.5882353,1,486
20010224,2.6,1150.36,3,1150
20010226,1.785714286,692.8571429,2,693
20010227,1.75862069,745.7931034,2,746
20010228,2.235294118,893.2352941,2,893
20010301,1.6,548.2,2,548
20010303,1,362.6666667,1,363
20010305,2,479,2,479
20010306,1.8,670.4571429,2,670
20010307,1.571428571,517.2857143,2,517
20010308,2.096774194,802.0645161,2,802
20010309,2.828571429,1203.2,3,1203
20010310,2.636363636,1153.454545,3,1153
20010311,1,257.5,1,258
20010312,2.086956522,682.6086957,2,683
20010313,2.115384615,947.8461538,2,948
20010314,1.68,640.08,2,640
20010315,1.967741935,807.6451613,2,808
20010316,5,2165,5,2165
20010317,2.272727273,707.7272727,2,708
20010318,2.8,787.3333333,3,787
20010319,1,365.5,1,366
20010320,1.956521739,790,2,790
20010321,1.777777778,754.1111111,2,754
20010322,1.888888889,615.1111111,2,615
20010323,2.409090909,1057.545455,2,1058
20010324,3.071428571,1247.571429,3,1248
20010325,1.538461538,624,2,624
20010326,1.933333333,689.3333333,2,689
20010327,2.5,1112.928571,3,1113
20010328,2,810,2,810
20010329,1.666666667,728,2,728
20010330,2.25,940.75,2,941
20010331,2.428571429,885.6190476,2,886
20010401,1.428571429,622.1428571,1,622
20010402,1.75,731.0833333,2,731
20010404,2.227272727,901.5909091,2,902
20010405,2.533333333,1041.633333,3,1042
20010406,2.285714286,945.7142857,2,946
20010407,2.590909091,1246.727273,3,1247
20010408,1.625,540,2,540
20010409,2.428571429,907.3809524,2,907
20010410,2,660.75,2,661
20010411,1.666666667,657.8333333,2,658
20010412,2.909090909,1165.272727,3,1165
20010413,1.625,661.4375,2,661
20010414,1.636363636,654.2727273,2,654
20010415,1.9,821.5,2,822
20010416,1.647058824,544.2352941,2,544
20010417,2.384615385,870.8076923,2,871
20010418,2,721,2,721
20010419,2.307692308,1238.076923,2,1238
20010420,2.55,1142,3,1142
20010421,3.176470588,1430.823529,3,1431
20010422,1.764705882,511.0588235,2,511
20010423,1.725,689.95,2,690
20010424,1.642857143,616.6428571,2,617
20010425,2.32,818.12,2,818
20010426,1.857142857,673.7142857,2,674
20010427,2.21875,872,2,872
20010428,2.571428571,1344.714286,3,1345
20010430,1.766666667,822.9333333,2,823
20010501,2.40625,1104.03125,2,1104
20010502,2.071428571,737.3809524,2,737
20010503,1,424.5,1,425
20010504,2.714285714,1186.809524,3,1187
20010505,2.225806452,871.8709677,2,872
20010506,2.423076923,945.9615385,2,946
20010507,1.620689655,707.4827586,2,707
20010508,1.958333333,786.6666667,2,787
20010509,2.186046512,866.1395349,2,866
20010510,2.428571429,1093.857143,2,1094
20010511,2.625,1232.625,3,1233
20010512,1.571428571,620.1428571,2,620
20010514,2,896.4418605,2,896
20010515,2.15,893.425,2,893
20010516,2.117647059,771.5882353,2,772
20010517,2.1,827.3,2,827
20010518,2.21875,852.4375,2,852
20010519,2.090909091,725.7272727,2,726
20010520,1.565217391,669.5217391,2,670
20010521,2.05,829.3,2,829
20010522,2.857142857,1152.095238,3,1152
20010523,3.1,1469.35,3,1469
20010525,1.636363636,482.4545455,2,482
20010526,1.133333333,452.9333333,1,453
20010527,1.75,778.6666667,2,779
20010528,2.285714286,838.1428571,2,838
20010529,1.55,544.25,2,544
20010530,1.96,840.16,2,840
20010531,1.696969697,710.7575758,2,711
20010601,2.434782609,1044.826087,2,1045
20010602,1.375,618.25,1,618
20010603,2.114285714,922.2857143,2,922
20010604,1.806451613,907.8387097,2,908
20010605,2.142857143,875,2,875
20010606,2,840.75,2,841
20010607,2,860.9090909,2,861
20010608,2.727272727,1325,3,1325
20010609,2.027777778,882,2,882
20010610,2.666666667,1054.166667,3,1054
20010611,1.875,1013.125,2,1013
20010612,1.7,765.05,2,765
20010613,1.6,680.2666667,2,680
20010614,1.733333333,572,2,572
20010615,2.352941176,1284.529412,2,1285
20010616,1.885714286,794.4,2,794
20010617,1,431.5,1,432
20010618,1.849056604,773.4339623,2,773
20010619,2.432432432,947.0540541,2,947
20010620,2.294117647,1000.470588,2,1000
20010621,1.80952381,657.0952381,2,657
20010622,1.96969697,769.9393939,2,770
20010623,1.666666667,814.1666667,2,814
20010624,3.833333333,1912.666667,4,1913
20010625,2.095238095,927.5714286,2,928
20010626,2.055555556,993.4444444,2,993
20010627,1.777777778,1122.074074,2,1122
20010628,2.16,1017.44,2,1017
20010629,2.24137931,1172.068966,2,1172
20010630,1,494.3333333,1,494
20010701,2.285714286,1089.734694,2,1090
20010702,1.892857143,763.8571429,2,764
20010703,2.25,909,2,909
20010704,1.705882353,898.1176471,2,898
20010705,2.2,1181.8,2,1182
20010706,1.96,1033.6,2,1034
20010707,2.064516129,935.8709677,2,936
20010708,3.285714286,1394.428571,3,1394
20010709,2.75,1272.5,3,1273
20010710,1.958333333,904.3125,2,904
20010711,1.87804878,765.3414634,2,765
20010712,1.884615385,911.0384615,2,911
20010713,2.038461538,978.3846154,2,978
20010714,2.118644068,1011.59322,2,1012
20010715,2.038461538,1119,2,1119
20010716,2.041666667,862.8333333,2,863
20010717,1.611111111,683.1111111,2,683
20010718,2.4375,972.9375,2,973
20010719,2.217391304,928.3043478,2,928
20010720,1.826923077,827.5384615,2,828
20010721,1.958333333,1083.25,2,1083
20010722,1.2,639,1,639
20010723,2.25,1119.019231,2,1119
20010724,2.25,1088.8,2,1089
20010725,1.85,913.8,2,914
20010726,2.24,1056.76,2,1057
20010727,2.181818182,1034.772727,2,1035
20010728,1.928571429,814.2857143,2,814
20010729,1.952380952,1039.428571,2,1039
20010730,1.903225806,951.2903226,2,951
20010731,2.041666667,968.5,2,969
20010801,1.865384615,813.8653846,2,814
20010802,2.2,1220.44,2,1220
20010803,2.32,1028.06,2,1028
20010804,2.666666667,974,3,974
20010805,1.263157895,650,1,650
20010806,1.857142857,942.9047619,2,943
20010807,2.545454545,1244.818182,3,1245
20010808,1.7,472.65,2,473
20010809,1.666666667,1037.611111,2,1038
20010810,1.5,590.5625,2,591
20010811,2.47826087,1300.347826,2,1300
20010812,2.193548387,1166.322581,2,1166
20010813,2.162162162,1080.594595,2,1081
20010814,1.818181818,1052.242424,2,1052
20010815,2.625,1516.875,3,1517
20010816,1.45,574.85,1,575
20010817,2.192307692,1089.961538,2,1090
20010818,1.717948718,735.025641,2,735
20010819,1.782608696,880.8695652,2,881
20010820,2.038461538,1311.153846,2,1311
20010821,1.952380952,882.9047619,2,883
20010822,1.542857143,735.0571429,2,735
20010823,2.083333333,1114.5,2,1115
20010824,1.795454545,866.6363636,2,867
20010825,1.4,701.8,1,702
20010826,1.789473684,982.9210526,2,983
20010827,2.135135135,1025.702703,2,1026
20010828,1.697674419,841.8837209,2,842
20010829,2.21875,1032.8125,2,1033
20010830,1.851851852,1018.777778,2,1019
20010831,1.714285714,1066.857143,2,1067
20010901,1,479,1,479
20010902,1.285714286,659,1,659
20010903,2.35483871,954.483871,2,954
20010904,2.027027027,956.027027,2,956
20010905,1.888888889,984.6666667,2,985
20010906,3,1236.55,3,1237
20010907,1.821428571,1104.142857,2,1104
20010908,2.333333333,1206.083333,2,1206
20010909,1.636363636,938.5454545,2,939
20010910,2,999.2222222,2,999
20010911,1.96,859.68,2,860
20010912,1.891891892,932,2,932
20010913,1.464285714,667.4285714,1,667
20010914,1.56,774,2,774
20010915,2.3,1107.05,2,1107
20010916,1.857142857,1442.809524,2,1443
20010917,2.08,1126.24,2,1126
20010918,2.055555556,1002.083333,2,1002
20010919,1.482758621,949.3793103,1,949
20010920,2.026315789,1057.210526,2,1057
20010921,1.604166667,771.0833333,2,771
20010922,2.466666667,1319.133333,2,1319
20010923,2.069767442,864.3953488,2,864
20010924,2.235294118,1113.470588,2,1113
20010925,2.4,1038.64,2,1039
20010926,2.571428571,1159.285714,3,1159
20010927,2.380952381,1094,2,1094
20010928,1.555555556,647.2222222,2,647
20010930,1.409090909,772.4545455,1,772
20011001,2.307692308,1143,2,1143
20011002,3,1553.75,3,1554
20011003,2.297297297,1270.648649,2,1271
20011004,1.928571429,989.0714286,2,989
20011005,2.151515152,1034.454545,2,1034
20011006,1.571428571,804.5714286,2,805
20011007,1.5,859.75,2,860
20011008,2.884615385,1786.923077,3,1787
20011009,2.6,1464.666667,3,1465
20011010,2.311111111,1116.4,2,1116
20011011,2.176470588,1257.882353,2,1258
20011012,1.727272727,1032.909091,2,1033
20011013,1.833333333,841.1666667,2,841
20011014,2.5,1438.666667,3,1439
20011015,2.357142857,1319.904762,2,1320
20011016,1.628571429,838.2571429,2,838
20011017,2.1,898.4,2,898
20011018,1.785714286,804.7142857,2,805
20011019,2.058823529,1090.676471,2,1091
20011020,2.322580645,1339.516129,2,1340
20011021,1.760869565,852.2391304,2,852
20011022,1.833333333,964.8888889,2,965
20011023,1.357142857,781.8571429,1,782
20011024,1.677419355,741.2258065,2,741
20011025,2.147058824,1092.058824,2,1092
20011026,1.25,754.0625,1,754
20011027,2,831.5357143,2,832
20011029,2.25,1151.416667,2,1151
20011030,1.285714286,689.2142857,1,689
20011031,2.642857143,1125.142857,3,1125
20011101,2.25,1115.875,2,1116
20011102,1,553,1,553
20011103,1.75862069,917.5172414,2,918
20011104,1.956521739,1162.652174,2,1163
20011105,2.206896552,1314.137931,2,1314
20011106,1.5,978.125,2,978
20011107,1,447,1,447
20011108,2.25,900,2,900
20011109,2.1875,1199.75,2,1200
20011110,2.130434783,1420.043478,2,1420
20011111,1.769230769,948.7307692,2,949
20011112,2.142857143,1088.857143,2,1089
20011113,1.833333333,968.6666667,2,969
20011115,1.464285714,805.2142857,1,805
20011116,2.583333333,1599,3,1599
20011117,1.609756098,862.6585366,2,863
20011118,1.416666667,950.5,1,951
20011119,2.833333333,1674.416667,3,1674
20011120,1.529411765,700.5882353,2,701
20011121,1.7,765.9,2,766
20011122,2.526315789,1277.105263,3,1277
20011123,1.2,652.8,1,653
20011124,1,640.5882353,1,641
20011125,2,1012.111111,2,1012
20011126,2.259259259,1452.592593,2,1453
20011127,1.583333333,828.8333333,2,829
20011128,1.8,880.9428571,2,881
20011129,1.72,864.36,2,864
20011130,2.193548387,1252.193548,2,1252
20011201,1.857142857,1210.190476,2,1210
20011202,2.297297297,1110.648649,2,1111
20011203,3.333333333,1511.416667,3,1511
20011204,1,362,1,362
20011205,1.086956522,556.3043478,1,556
20011206,2.285714286,1425.714286,2,1426
20011207,1.971428571,873.6857143,2,874
20011208,1.877192982,988.8070175,2,989
20011209,1.666666667,938.5,2,939
20011210,2.142857143,1354.142857,2,1354
20011211,1.787878788,1064.636364,2,1065
20011212,2.9,1281.1,3,1281
20011213,1.473684211,893.1578947,1,893
20011214,1.1,467.2,1,467
20011215,2.588235294,1219.588235,3,1220
20011216,1.952380952,1065.52381,2,1066
20011217,1,526.6666667,1,527
20011218,1.303030303,697.1818182,1,697
20011219,2.6,1476.5,3,1477
20011220,2.277777778,1218.222222,2,1218
20011221,1.681818182,1121.636364,2,1122
20011222,2.05,1412.15,2,1412
20011224,1.951219512,900.6585366,2,901
20011225,3.428571429,2099.190476,3,2099
20011226,1.222222222,524.2222222,1,524
20011227,2.384615385,1308.230769,2,1308
20011228,2.3,1346.9,2,1347
20011229,2,1014.657895,2,1015
20011230,2.2,1242.5,2,1243
20010108,2.333333333,1014.333333,2,1014
20010110,1.714285714,613.2857143,2,613
20010111,2.166666667,795.4166667,2,795
20010116,3.285714286,1482.428571,3,1482
20010119,1.857142857,831.6666667,2,832
20010123,2.333333333,917.8333333,2,918
20010125,3.4,1038.8,3,1039
20010128,2.6,992.8,3,993
20010130,1.625,650.4583333,2,650
20010131,5,645,5,645
20010201,5,640,5,640
20010203,5,860,5,860
20010204,1.571428571,590.5714286,2,591
20010205,1,377.375,1,377
20010206,2.222222222,767.4444444,2,767
20010208,1.692307692,515.8461538,2,516
20010209,1,432.6,1,433
20010211,1.444444444,553.8888889,1,554
20010212,3.333333333,1370,3,1370
20010213,1.444444444,554.8888889,1,555
20010216,3,1146.482759,3,1146
20010217,1.222222222,442.3333333,1,442
20010220,4,1474,4,1474
20010222,2,863,2,863
20010223,1.777777778,585.7777778,2,586
20010224,1.352941176,559.2352941,1,559
20010226,2.272727273,896.3636364,2,896
20010227,2.407407407,949.5925926,2,950
20010228,2,839.2352941,2,839
20010301,2.266666667,904.2,2,904
20010303,2.5,949.6666667,3,950
20010305,2.5,1044.5,3,1045
20010306,2.4,941,2,941
20010307,2.857142857,1032.714286,3,1033
20010308,1.791666667,633.625,2,634
20010309,2.5,1016.714286,3,1017
20010310,2.545454545,931.5909091,3,932
20010311,3.5,935,4,935
20010312,1.652173913,543.7826087,2,544
20010313,1.764705882,806.4117647,2,806
20010314,2.555555556,1121.333333,3,1121
20010315,2.258064516,1057.419355,2,1057
20010316,1,433,1,433
20010317,1.727272727,640.9090909,2,641
20010318,1.733333333,528.0666667,2,528
20010319,3.25,1042,3,1042
20010320,1.8125,778.0625,2,778
20010321,1.941176471,795.9411765,2,796
20010322,1.235294118,477.1764706,1,477
20010324,2.071428571,787.5714286,2,788
20010325,1,385,1,385
20010326,1.866666667,692.3333333,2,692
20010327,2.392857143,942.7142857,2,943
20010328,1,405.375,1,405
20010329,1.625,728.25,2,728
20010330,2.555555556,1372.444444,3,1372
20010331,1.571428571,518.7857143,2,519
20010401,2.142857143,1094.571429,2,1095
20010402,1.416666667,552.1666667,1,552
20010404,2.227272727,775.6363636,2,776
20010405,2.266666667,987.3333333,2,987
20010406,2.333333333,964.4285714,2,964
20010407,1.428571429,620.5714286,1,621
20010408,2.25,954.5,2,955
20010409,2.153846154,814.8461538,2,815
20010410,1.333333333,391.9166667,1,392
20010411,1.333333333,467.5,1,468
20010412,1,363.3333333,1,363
20010413,2.3125,976.25,2,976
20010414,1.545454545,548.4545455,2,548
20010415,2.3,877.3333333,2,877
20010416,1.454545455,480.6363636,1,481
20010417,2.1,791.85,2,792
20010418,1.375,506.875,1,507
20010419,1,462.625,1,463
20010420,1.642857143,638.2857143,2,638
20010421,2.058823529,900.7647059,2,901
20010422,1.666666667,924,2,924
20010423,2.125,669.825,2,670
20010424,3.071428571,1094.571429,3,1095
20010425,2.16,786.32,2,786
20010426,2.857142857,1306.285714,3,1306
20010427,2.1,967.6,2,968
20010428,3.142857143,1392.142857,3,1392
20010430,2.033333333,852.4333333,2,852
20010501,2,814.28125,2,814
20010502,1.3,534.2333333,1,534
20010503,1,424.5,1,425
20010504,2.095238095,853.047619,2,853
20010505,2.129032258,901.5483871,2,902
20010506,2.384615385,967.5769231,2,968
20010507,1.96,846.16,2,846
20010508,2.428571429,1248.357143,2,1248
20010509,2.689655172,945.6206897,3,946
20010511,2.090909091,1224.363636,2,1224
20010512,1.857142857,760.4285714,2,760
20010514,1.771428571,753.0571429,2,753
20010515,2.903225806,1287.645161,3,1288
20010516,1.882352941,872.8235294,2,873
20010517,2.416666667,944.4166667,2,944
20010518,2.24,841.72,2,842
20010519,1.818181818,605.9090909,2,606
20010520,2.108695652,845.8478261,2,846
20010521,2,857.9705882,2,858
20010522,1.476190476,625.3809524,1,625
20010523,1.4,559.1,1,559
20010525,2.181818182,877,2,877
20010526,1,321,1,321
20010527,2,801.5,2,802
20010528,2.3,935.1,2,935
20010529,1.4,562,1,562
20010530,2.217391304,979.7826087,2,980
20010531,1.545454545,697.4545455,2,697
20010601,1.782608696,684.4347826,2,684
20010602,1.375,503.875,1,504
20010603,2.272727273,922.8181818,2,923
20010604,2.225806452,969.2580645,2,969
20010605,1.285714286,460.1428571,1,460
20010606,1.964285714,931.75,2,932
20010607,2.045454545,884.1818182,2,884
20010608,2.181818182,1088.454545,2,1088
20010609,1.823529412,851.2352941,2,851
20010610,1,693.5,1,694
20010611,3.625,1387.625,4,1388
20010612,2,882.75,2,883
20010613,2.466666667,1009.8,2,1010
20010614,1.933333333,758.6666667,2,759
20010615,2.411764706,1183.235294,2,1183
20010616,1.84375,709.5,2,710
20010617,1.5,709,2,709
20010618,1.729166667,705.7916667,2,706
20010619,1.964285714,795.6428571,2,796
20010620,1.148148148,580.9259259,1,581
20010621,2.066666667,1077.466667,2,1077
20010622,2.346153846,924.2307692,2,924
20010623,2.166666667,777.1666667,2,777
20010624,3.166666667,2002.5,3,2003
20010625,2.083333333,885,2,885
20010626,1.181818182,462.7272727,1,463
20010627,2.111111111,1141.518519,2,1142
20010628,1.6,632.5333333,2,633
20010629,2.3,1054.2,2,1054
20010630,5,2612,5,2612
20010701,2.27027027,1004.918919,2,1005
20010702,1.608695652,678.4782609,2,678
20010703,2,492.6666667,2,493
20010704,1.888888889,853.3333333,2,853
20010705,2,946.5,2,947
20010706,2.52,1181.92,3,1182
20010707,2.041666667,1059.541667,2,1060
20010709,1.5,552.875,2,553
20010710,2.09375,993.65625,2,994
20010711,1.88,777.2,2,777
20010712,3.125,1331.9375,3,1332
20010713,2.076923077,1091.423077,2,1091
20010714,2.485714286,1023.6,2,1024
20010715,2.192307692,947.9615385,2,948
20010716,1.777777778,734.1666667,2,734
20010717,1.875,773.625,2,774
20010718,2.875,1299.0625,3,1299
20010719,2.130434783,862.7826087,2,863
20010720,1.743589744,761.4358974,2,761
20010721,1.727272727,713.2727273,2,713
20010722,2.7,1240.6,3,1241
20010723,2.38,1112.3,2,1112
20010724,2.214285714,1041.214286,2,1041
20010725,1.9,847.35,2,847
20010726,2.571428571,989.9285714,3,990
20010727,1.55,725.35,2,725
20010728,2,794.4285714,2,794
20010729,2.619047619,1353.380952,3,1353
20010730,2.636363636,1092.681818,3,1093
20010731,1.5,547.1875,2,547
20010801,2.054054054,921,2,921
20010802,2.473684211,1247.368421,2,1247
20010803,1.658536585,755.8780488,2,756
20010804,1.25,480.25,1,480
20010805,1.333333333,615.3333333,1,615
20010806,1.785714286,851.4285714,2,851
20010807,1.666666667,657.2222222,2,657
20010808,2.230769231,767.3846154,2,767
20010809,1.5,658.4,2,658
20010810,3.0625,1405.625,3,1406
20010811,2.217391304,1079.565217,2,1080
20010812,2.741935484,1255.774194,3,1256
20010813,2.4,1091.266667,2,1091
20010814,2.307692308,1126.076923,2,1126
20010815,2.571428571,1226.142857,3,1226
20010816,2.35,959.55,2,960
20010817,2.115384615,920.7692308,2,921
20010818,2.15625,891.15625,2,891
20010819,2.461538462,777.2307692,2,777
20010820,2.52173913,1139.826087,3,1140
20010821,2.095238095,830.5238095,2,831
20010822,1.714285714,727.2571429,2,727
20010823,1.75,912.8333333,2,913
20010824,2.214285714,1128.964286,2,1129
20010825,3.2,1314,3,1314
20010826,2.107142857,978.1428571,2,978
20010827,2.185185185,923.6296296,2,924
20010828,1.756097561,794.9756098,2,795
20010829,2.5,1168.4,3,1168
20010830,2.185185185,913.1111111,2,913
20010901,1,678,1,678
20010902,2.571428571,1426.142857,3,1426
20010903,2.290322581,967.9677419,2,968
20010904,3.1875,1494.625,3,1495
20010905,1.571428571,787.7142857,2,788
20010906,2,849.9411765,2,850
20010907,2.142857143,1101.035714,2,1101
20010908,1.2,519,1,519
20010909,1.8,670.6,2,671
20010910,2.222222222,1025.055556,2,1025
20010911,2.44,1137.68,2,1138
20010912,2.782608696,1235.347826,3,1235
20010913,1.875,770.5,2,771
20010914,2.3,1350.65,2,1351
20010915,2.705882353,1364.294118,3,1364
20010916,1.75,829.4375,2,829
20010917,1.84,845.44,2,845
20010918,2.366666667,1197.466667,2,1197
20010919,2.275862069,1112.931034,2,1113
20010920,1.419354839,662.2580645,1,662
20010921,1.583333333,665.2222222,2,665
20010922,1.666666667,799.3333333,2,799
20010923,1.631578947,747.0789474,2,747
20010924,1.235294118,666.4705882,1,666
20010925,2,1074,2,1074
20010926,2.523809524,1253.809524,3,1254
20010927,2.333333333,997.2380952,2,997
20010928,2.857142857,1444.857143,3,1445
20010930,1.863636364,815.5,2,816
20011001,2.076923077,998,2,998
20011002,2.666666667,1484.166667,3,1484
20011003,1.513513514,751.7297297,2,752
20011004,1.642857143,870.7857143,2,871
20011005,2.647058824,1228.058824,3,1228
20011007,2,1116.75,2,1117
20011008,1.95,1121.3,2,1121
20011009,1.8,868.6,2,869
20011010,2,1069.738095,2,1070
20011011,2.705882353,1288.823529,3,1289
20011012,1.454545455,730.1818182,1,730
20011013,2.583333333,1293.5,3,1294
20011014,1.666666667,829.5,2,830
20011015,1.666666667,895.7692308,2,896
20011016,2.428571429,1116.25,2,1116
20011017,1.6,746.7,2,747
20011018,1.571428571,925,2,925
20011019,2.346153846,1055.923077,2,1056
20011020,2.272727273,1208.090909,2,1208
20011021,2.238095238,1164.452381,2,1164
20011022,2.055555556,907.7222222,2,908
20011023,2.142857143,912.0714286,2,912
20011024,1.833333333,730.4666667,2,730
20011025,2.157894737,1141.263158,2,1141
20011026,1.454545455,693,1,693
20011027,2.208333333,1082.666667,2,1083
20011029,2.333333333,1641.916667,2,1642
20011030,2.333333333,976.3333333,2,976
20011031,2.8,1205.9,3,1206
20011101,1.75,815.5,2,816
20011102,1,561,1,561
20011103,2.333333333,1163.375,2,1163
20011104,2.956521739,1467.130435,3,1467
20011105,1.884615385,940.0769231,2,940
20011106,1.625,854.75,2,855
20011107,1,493.4,1,493
20011108,1.875,545.875,2,546
20011109,1.9375,977.8125,2,978
20011110,2.769230769,1431.615385,3,1432
20011111,2.192307692,1028.076923,2,1028
20011112,3.142857143,1547.952381,3,1548
20011113,1.777777778,810.2777778,2,810
20011115,2.107142857,1305.178571,2,1305
20011116,2.333333333,1112,2,1112
20011117,1.882352941,826.8235294,2,827
20011118,2,1209.833333,2,1210
20011119,2.5,1152.666667,3,1153
20011120,2.235294118,864.8235294,2,865
20011121,3.2,1664.8,3,1665
20011122,1.2,495,1,495
20011123,2.4,1329.4,2,1329
20011124,2.058823529,1098.941176,2,1099
20011125,3.375,1666.125,3,1666
20011126,2.333333333,1069.518519,2,1070
20011128,1.875,836.5833333,2,837
20011129,2.315789474,1096.210526,2,1096
20011130,1.909090909,1101.545455,2,1102
20011201,1.533333333,871.6,2,872
20011202,1.933333333,865.4666667,2,865
20011203,2,920,2,920
20011204,2.666666667,736,3,736
20011205,1.652173913,926.1304348,2,926
20011206,2.571428571,1516,3,1516
20011207,2.363636364,1148.939394,2,1149
20011208,2.298245614,1164.070175,2,1164
20011209,1.666666667,781.3333333,2,781
20011210,2.285714286,1282.571429,2,1283
20011211,3.074074074,1431.148148,3,1431
20011212,2.8,1179.2,3,1179
20011213,1.684210526,926.4736842,2,926
20011214,2.7,1539.4,3,1539
20011215,1.823529412,840.7647059,2,841
20011216,1.428571429,704.3809524,1,704
20011217,1,443.3333333,1,443
20011218,1.757575758,877.5151515,2,878
20011219,2.375,1181.9375,2,1182
20011220,2.388888889,1251.277778,2,1251
20011221,1.727272727,1262.363636,2,1262
20011222,1.769230769,875.3846154,2,875
20011224,1.96875,899.25,2,899
20011225,2.095238095,1183.571429,2,1184
20011226,2.111111111,980,2,980
20011227,1.923076923,946.6923077,2,947
20011228,2.5,1329.117647,3,1329
20011229,1.763157895,909.8684211,2,910
20011230,2.2,1338.7,2,1339
20010108,1,419.6666667,1,420
20010110,2.714285714,888,3,888
20010111,1.583333333,788.8333333,2,789
20010116,2.285714286,1000,2,1000
20010119,3.380952381,1583.380952,3,1583
20010123,2.333333333,824.8333333,2,825
20010125,1,358.4,1,358
20010128,2.4,839.6,2,840
20010130,1.791666667,640.875,2,641
20010131,1,129,1,129
20010201,1,128,1,128
20010203,1,172,1,172
20010204,1.947368421,793.8947368,2,794
20010205,1.375,526.75,1,527
20010206,2.444444444,826.2222222,2,826
20010208,1.307692308,447.0769231,1,447
20010209,3.8,1547.8,4,1548
20010211,2.111111111,943.8888889,2,944
20010212,2.444444444,1098.888889,2,1099
20010213,1.888888889,772.5555556,2,773
20010216,1.586206897,567.7586207,2,568
20010217,1.888888889,620.7777778,2,621
20010220,2.666666667,766,3,766
20010222,1.5,721,2,721
20010223,2.529411765,1052.352941,3,1052
20010224,1.64,689.8,2,690
20010226,1.909090909,730.0909091,2,730
20010227,2.222222222,796.5185185,2,797
20010228,1.941176471,919.8235294,2,920
20010301,1.666666667,645,2,645
20010303,2.666666667,977.6666667,3,978
20010305,2.333333333,830.6666667,2,831
20010306,2.028571429,823.1428571,2,823
20010307,1.571428571,568.2857143,2,568
20010308,2.791666667,1176.833333,3,1177
20010309,2.347826087,931.2173913,2,931
20010310,1.454545455,580.7272727,1,581
20010311,2,501.5,2,502
20010312,1.826086957,645.0869565,2,645
20010313,1.523809524,676.952381,2,677
20010314,2,984,2,984
20010315,1.741935484,774.2903226,2,774
20010316,6,2598,6,2598
20010317,1.727272727,625.6363636,2,626
20010318,2.333333333,713.8666667,2,714
20010319,2,744.5,2,745
20010320,2.25,1003.6875,2,1004
20010321,2.222222222,956.6296296,2,957
20010322,1.235294118,496.2941176,1,496
20010323,2.133333333,1004.266667,2,1004
20010324,1.857142857,767.8571429,2,768
20010325,1.888888889,668,2,668
20010326,1.933333333,743.4666667,2,743
20010327,1.392857143,556.7857143,1,557
20010328,3.125,1271.625,3,1272
20010329,4.125,1586.125,4,1586
20010330,1.888888889,705.7777778,2,706
20010331,2,765.7142857,2,766
20010401,1.714285714,727,2,727
20010402,2.333333333,928.9166667,2,929
20010404,2.045454545,746.8636364,2,747
20010405,2.1,886.8666667,2,887
20010406,1.142857143,453.25,1,453
20010407,2.181818182,817.5454545,2,818
20010408,2.5,792.5,3,793
20010409,1.692307692,708.6923077,2,709
20010410,2.916666667,1008.583333,3,1009
20010411,2.333333333,927.6666667,2,928
20010412,1.727272727,787.3636364,2,787
20010413,2.3125,897.1875,2,897
20010414,1.636363636,749.1818182,2,749
20010415,2.166666667,898.4333333,2,898
20010416,1.909090909,609.2727273,2,609
20010417,2.6,930.2,3,930
20010418,1.875,706.0625,2,706
20010419,2.375,1203.75,2,1204
20010420,2.071428571,757.9285714,2,758
20010421,2.352941176,977.2941176,2,977
20010422,1.666666667,842,2,842
20010423,1.95,642.125,2,642
20010424,1.928571429,512.2142857,2,512
20010425,2.2,868.72,2,869
20010426,2.714285714,1113,3,1113
20010427,1.95,806.2,2,806
20010428,1.571428571,790.1428571,2,790
20010430,1.666666667,689,2,689
20010501,1.5625,634.4375,2,634
20010502,2.567567568,903.2162162,3,903
20010503,3,1138.5,3,1139
20010504,2.571428571,1190.333333,3,1190
20010505,1.548387097,658.0322581,2,658
20010506,1.576923077,638.8846154,2,639
20010507,2.28,1118.36,2,1118
20010508,2.375,986.5,2,987
20010509,2.103448276,805.6896552,2,806
20010511,2.090909091,972.6363636,2,973
20010512,1.714285714,561.7142857,2,562
20010514,1.542857143,605,2,605
20010515,1.838709677,816.0967742,2,816
20010516,1.941176471,733.9411765,2,734
20010517,1.916666667,813.9166667,2,814
20010518,2.16,786.24,2,786
20010519,2.545454545,965.5454545,3,966
20010520,1.52173913,659.5217391,2,660
20010521,2.175,859.95,2,860
20010522,2.142857143,854.1428571,2,854
20010523,2,768.4,2,768
20010525,2.636363636,1009.545455,3,1010
20010526,1,386,1,386
20010527,2,952.1666667,2,952
20010528,2.3,953.8,2,954
20010529,1,353.2,1,353
20010530,2.043478261,927.9565217,2,928
20010531,2.03030303,789.8181818,2,790
20010601,2.47826087,1014.652174,2,1015
20010602,2.875,1192,3,1192
20010603,2.409090909,1136.636364,2,1137
20010604,1.774193548,793.9032258,2,794
20010605,1.285714286,510.7142857,1,511
20010606,2.25,940.5714286,2,941
20010607,1.318181818,579.4090909,1,579
20010608,1.818181818,894.8181818,2,895
20010609,2.882352941,1211.411765,3,1211
20010610,3,1762,3,1762
20010611,1,376,1,376
20010612,2.3125,1059.78125,2,1060
20010613,2.4,1074.466667,2,1074
20010614,2.666666667,1055,3,1055
20010615,1.823529412,850.1176471,2,850
20010616,1.6875,622.28125,2,622
20010617,3,1139.5,3,1140
20010618,2.458333333,967.9583333,2,968
20010619,2.071428571,868,2,868
20010620,2.296296296,1358.518519,2,1359
20010621,1.866666667,851.8666667,2,852
20010622,1.961538462,831.1153846,2,831
20010623,2.333333333,1075.666667,2,1076
20010624,1.333333333,720.1666667,1,720
20010625,2.083333333,996,2,996
20010626,2.272727273,831.0909091,2,831
20010627,2.222222222,1353.814815,2,1354
20010628,2.066666667,819.4666667,2,819
20010629,2.75,1466.3,3,1466
20010630,5.333333333,3093.333333,5,3093
20010701,1.72972973,765.8108108,2,766
20010702,1.52173913,601.5652174,2,602
20010703,1.333333333,348,1,348
20010704,2.333333333,1119.444444,2,1119
20010705,1,437.25,1,437
20010706,2.04,922.36,2,922
20010707,2.333333333,961.0416667,2,961
20010709,2.5,1120.375,3,1120
20010710,1.46875,656.53125,1,657
20010711,2,803.0294118,2,803
20010712,1.5625,671.5,2,672
20010713,1.576923077,674.8846154,2,675
20010714,2.340909091,930.3863636,2,930
20010715,2.038461538,897.2307692,2,897
20010716,1.722222222,606.1666667,2,606
20010717,2.1875,1023.1875,2,1023
20010718,2,964.4375,2,964
20010719,1.869565217,849.5217391,2,850
20010720,2.16,1057.82,2,1058
20010721,1.636363636,681,2,681
20010722,3.2,1504.4,3,1504
20010723,1.88,849.7,2,850
20010724,2.764705882,1206.235294,3,1206
20010725,1.9,835.7,2,836
20010726,1.857142857,690.7857143,2,691
20010727,2.45,1188.575,2,1189
20010728,2.5,1055.785714,3,1056
20010729,2.333333333,1013.095238,2,1013
20010730,3.090909091,1538.454545,3,1538
20010731,1.625,988.0625,2,988
20010801,2.540540541,1114.891892,3,1115
20010802,2.052631579,911.0526316,2,911
20010803,1.292682927,519.6829268,1,520
20010804,2.333333333,803,2,803
20010805,2.894736842,1383.894737,3,1384
20010806,1.642857143,706.5714286,2,707
20010807,1.555555556,756.4444444,2,756
20010808,1.923076923,725.0769231,2,725
20010809,3,1571.1,3,1571
20010810,2.625,1272.0625,3,1272
20010811,2.217391304,1076.173913,2,1076
20010812,2.35483871,1053.580645,2,1054
20010813,1.733333333,756.1333333,2,756
20010814,1.923076923,871.3076923,2,871
20010815,1.714285714,807,2,807
20010816,1.45,723.4,1,723
20010817,1.846153846,745.4615385,2,745
20010818,2.40625,1133.40625,2,1133
20010819,1.869565217,724.5217391,2,725
20010820,2.826086957,1379.608696,3,1380
20010821,1.857142857,682.2380952,2,682
20010822,2.628571429,1106.971429,3,1107
20010823,2.166666667,1108.5,2,1109
20010824,1.357142857,602.0357143,1,602
20010825,2.8,1154.6,3,1155
20010826,2.464285714,1042.5,2,1043
20010827,2.148148148,1096.592593,2,1097
20010828,2.43902439,1173.926829,2,1174
20010829,2.4,1272.4,2,1272
20010830,2.481481481,1126.111111,2,1126
20010831,2.571428571,1852.428571,3,1852
20010901,1,435,1,435
20010902,2.428571429,1168.571429,2,1169
20010903,1.935483871,824.0322581,2,824
20010904,1.75,914.0625,2,914
20010905,2.714285714,1388.571429,3,1389
20010906,2.588235294,1054.411765,3,1054
20010907,1.571428571,739.3571429,2,739
20010908,1.9,773.5,2,774
20010909,1.8,794.15,2,794
20010910,2.5,1084.444444,3,1084
20010911,2.88,1209.04,3,1209
20010912,1.304347826,549.3478261,1,549
20010913,1,397,1,397
20010914,1.95,993.15,2,993
20010915,1.588235294,775.8235294,2,776
20010916,2.0625,1002.6875,2,1003
20010917,1.96,794.56,2,795
20010918,1.9,856.4666667,2,856
20010919,2.206896552,1067.517241,2,1068
20010920,1.870967742,811.1935484,2,811
20010921,1.722222222,795.4722222,2,795
20010922,2.233333333,1156.766667,2,1157
20010923,2.605263158,1126.605263,3,1127
20010924,2.117647059,1020.882353,2,1021
20010925,1.48,747.12,1,747
20010926,2.238095238,926.8571429,2,927
20010927,2.380952381,1126.285714,2,1126
20010928,2.142857143,1009.285714,2,1009
20010930,1.272727273,576.8636364,1,577
20011001,1.846153846,897.2307692,2,897
20011002,3.333333333,1623.583333,3,1624
20011003,1.864864865,966.4594595,2,966
20011004,2.642857143,1511.214286,3,1511
20011005,1.227272727,557.1818182,1,557
20011007,2.25,1213.375,2,1213
20011008,2.5,1485.2,3,1485
20011009,3.733333333,2027.066667,4,2027
20011010,1.833333333,861.3809524,2,861
20011011,1.058823529,481.8823529,1,482
20011012,1.636363636,970.2727273,2,970
20011013,1,417.75,1,418
20011014,2.333333333,1375,2,1375
20011015,2.076923077,1083.666667,2,1084
20011016,1.964285714,942.7857143,2,943
20011017,2.4,1168.4,2,1168
20011018,1.214285714,623.7142857,1,624
20011019,2.307692308,1204.846154,2,1205
20011020,2.181818182,978.5454545,2,979
20011021,1.666666667,877.0952381,2,877
20011022,1.666666667,713.9444444,2,714
20011023,1.928571429,907.5714286,2,908
20011024,2.129032258,849,2,849
20011025,1.736842105,796.3157895,2,796
20011026,1.375,723.125,1,723
20011027,2.25,935.5,2,936
20011029,2.25,1572.333333,2,1572
20011030,2.833333333,1530.666667,3,1531
20011031,2.9,1283,3,1283
20011101,1.5,726.75,2,727
20011102,1,495.5,1,496
20011103,2.791666667,1448.916667,3,1449
20011104,2.260869565,1204.73913,2,1205
20011105,1.576923077,751.0769231,2,751
20011106,2.625,1496.875,3,1497
20011107,2,971.6,2,972
20011108,3,1093.875,3,1094
20011109,2.25,821.3125,2,821
20011110,1.846153846,791,2,791
20011111,1.769230769,881.5,2,882
20011112,2.047619048,978.1904762,2,978
20011113,1.888888889,828.6111111,2,829
20011115,1.892857143,988.1428571,2,988
20011116,1.166666667,512.9166667,1,513
20011117,1.117647059,453.7647059,1,454
20011118,2.333333333,1341,2,1341
20011119,2.166666667,838,2,838
20011120,2.176470588,934.6470588,2,935
20011121,2.3,1360.9,2,1361
20011122,1,484.2,1,484
20011123,2.8,1643.8,3,1644
20011124,2,1209,2,1209
20011125,2.25,1096,2,1096
20011126,2.851851852,1539.444444,3,1539
20011127,1,481.7777778,1,482
20011128,2.083333333,970.9166667,2,971
20011129,2.15,1099.45,2,1099
20011130,1.142857143,538.2142857,1,538
20011201,1.733333333,1050.8,2,1051
20011202,1.833333333,750.7,2,751
20011203,1,451.2222222,1,451
20011204,1,350.3333333,1,350
20011205,2.695652174,1372.521739,3,1373
20011206,2,1077.142857,2,1077
20011207,1.914285714,970.2285714,2,970
20011208,1.98245614,904.0350877,2,904
20011209,2.666666667,1257.333333,3,1257
20011210,1.714285714,887.4285714,2,887
20011211,2.074074074,1008.259259,2,1008
20011212,2.6,1106.4,3,1106
20011213,2.052631579,1189.578947,2,1190
20011214,2,700.1,2,700
20011215,3.470588235,1603.705882,3,1604
20011216,2,949.6666667,2,950
20011217,1.666666667,958.3333333,2,958
20011218,1.727272727,785.6969697,2,786
20011219,2.4375,1141.875,2,1142
20011220,1.722222222,881.1666667,2,881
20011221,2.136363636,1016.954545,2,1017
20011222,1.923076923,1113.307692,2,1113
20011224,2.21875,1029.25,2,1029
20011225,1.619047619,828.7142857,2,829
20011226,2.333333333,1197.777778,2,1198
20011227,2.153846154,1082.076923,2,1082
20011228,1.323529412,689.1764706,1,689
20011229,2.184210526,1098.210526,2,1098
20011230,2.8,1474.1,3,1474
