date,CategoryCode4,totalQuantity,totalAmount
20011230,1112,25,27179
20011230,1107,23,10462
20011230,1119,15,5292
20011230,1101,9,2448
20011230,1106,9,6290
20011230,1121,4,1609
20011230,1406,4,2498
20011230,1301,4,2553
20011229,1102,32,14546
20011229,1118,24,8410
20011229,1108,23,11538
20011229,1105,22,14128
20011229,1104,22,14143
20011229,1101,18,10383
20011229,1406,17,11458
20011229,1121,17,7509
20011229,1401,15,6807
20011229,1115,14,3723
20011229,1120,14,4927
20011229,1403,13,5666
20011229,1112,12,7701
20011229,1110,10,5524
20011229,1301,9,8773
20011229,1114,8,3864
20011229,1497,8,4752
20011229,1404,6,1668
20011229,1402,4,1550
20011229,1113,4,2166
20011229,1111,4,1395
20011229,1103,4,857
20011228,1403,40,17778
20011228,1119,37,19766
20011228,1406,22,9531
20011228,1120,22,11760
20011228,1102,17,12365
20011228,1106,17,6324
20011228,1101,16,9868
20011228,1301,14,10317
20011228,1118,12,7907
20011228,1304,12,6336
20011228,1402,11,5071
20011228,1107,11,8797
20011228,1104,10,7299
20011228,1401,9,7479
20011228,1111,8,3546
20011228,1121,8,4289
20011228,1105,8,3194
20011228,1303,4,2489
20011228,1302,4,3702
20011228,1108,4,1894
20011228,1103,4,1551
20011228,1112,1,701
20011228,1404,1,570
20011227,1121,38,20590
20011227,1201,14,7304
20011227,1118,12,6012
20011227,1403,10,3523
20011227,1404,9,4776
20011227,1119,8,4972
20011227,1117,8,6738
20011227,1301,8,5167
20011227,1406,5,2460
20011226,1119,16,5846
20011226,1105,12,6264
20011226,1116,11,7913
20011226,1108,10,4065
20011226,1106,8,4078
20011226,1402,8,3311
20011226,1111,4,1442
20011226,1113,4,1441
20011225,1101,31,11474
20011225,1403,23,9204
20011225,1119,22,14272
20011225,1402,21,9514
20011225,1111,18,10103
20011225,1115,17,7568
20011225,1121,16,9983
20011225,1102,12,16179
20011225,1112,9,5944
20011225,1404,9,3171
20011225,1118,8,2008
20011225,1301,4,2794
20011225,1302,4,2781
20011225,1117,4,2068
20011225,1104,4,2156
20011224,1403,34,11834
20011224,1105,30,15761
20011224,1121,30,15328
20011224,1112,26,12654
20011224,1110,21,11380
20011224,1107,19,9670
20011224,1102,18,7088
20011224,1103,16,11354
20011224,1119,14,3768
20011224,1116,13,3185
20011224,1111,12,5044
20011224,1101,12,4752
20011224,1104,12,7123
20011224,1115,11,5597
20011224,1402,11,4607
20011224,1302,10,5353
20011224,1113,9,2299
20011224,1301,5,3811
20011224,1404,2,989
20011222,1110,19,4292
20011222,1103,18,21123
20011222,1111,16,7495
20011222,1301,15,9629
20011222,1107,13,5733
20011222,1118,10,2246
20011222,1101,9,4877
20011222,1115,8,6902
20011222,1121,5,2165
20011222,1105,4,4314
20011222,1401,1,630
20011222,1112,1,553
20011222,1201,1,641
20011222,1302,1,752
20011221,1119,30,19638
20011221,1401,21,9939
20011221,1406,20,9620
20011221,1105,16,13354
20011221,1102,9,3622
20011221,1111,9,3461
20011221,1302,9,7793
20011221,1116,8,4185
20011221,1108,8,3396
20011221,1120,8,8841
20011221,1103,6,2663
20011221,1106,4,404
20011221,1402,4,3735
20011221,1403,4,2654
20011220,1103,23,8035
20011220,1116,16,10645
20011220,1106,15,10753
20011220,1120,15,7473
20011220,1102,13,6570
20011220,1404,12,7960
20011220,1403,11,3137
20011220,1111,8,2526
20011220,1115,8,8193
20011220,1101,8,2436
20011220,1119,8,3834
20011220,1401,8,4275
20011220,1301,4,1105
20011220,1113,4,851
20011219,1403,57,21629
20011219,1105,26,23091
20011219,1101,18,3044
20011219,1103,13,9035
20011219,1121,10,4449
20011219,1301,9,5066
20011219,1111,9,4597
20011219,1108,8,3016
20011219,1406,7,5546
20011219,1115,6,4338
20011219,1112,5,8031
20011218,1101,36,20160
20011218,1403,26,10523
20011218,1119,20,6750
20011218,1104,17,7499
20011218,1406,16,10145
20011218,1107,15,6115
20011218,1301,15,5276
20011218,1402,14,9663
20011218,1106,13,8328
20011218,1111,12,4620
20011218,1401,11,5264
20011218,1117,9,5022
20011218,1105,9,5642
20011218,1103,9,2809
20011218,1115,8,5691
20011218,1113,8,2654
20011218,1302,7,5831
20011218,1112,6,3018
20011217,1110,9,3083
20011217,1301,6,4625
20011217,1103,4,979
20011216,1401,35,17200
20011216,1406,16,7452
20011216,1110,13,4706
20011216,1403,13,5718
20011216,1116,13,8613
20011216,1107,12,6330
20011216,1301,12,6616
20011216,1102,9,3747
20011216,1103,8,7248
20011216,1105,8,4386
20011216,1115,7,1813
20011216,1118,4,728
20011216,1111,4,1869
20011215,1403,26,14284
20011215,1101,23,11463
20011215,1301,19,8349
20011215,1113,17,5593
20011215,1111,16,7854
20011215,1115,15,2606
20011215,1106,15,7001
20011215,1497,10,5904
20011215,1304,9,6626
20011215,1102,6,2687
20011215,1105,4,2136
20011214,1402,13,1694
20011214,1302,10,3840
20011214,1301,9,5248
20011214,1103,8,3138
20011214,1104,8,6686
20011214,1111,8,3473
20011214,1112,6,3684
20011214,1102,5,1855
20011214,1406,4,2804
20011213,1406,17,8310
20011213,1301,16,10148
20011213,1118,15,5375
20011213,1119,13,4694
20011213,1105,12,9833
20011213,1113,12,6178
20011213,1111,11,3745
20011213,1107,8,5433
20011213,1402,8,7313
20011213,1201,4,2340
20011213,1102,4,1195
20011213,1115,4,3253
20011212,1102,18,6621
20011212,1117,13,4573
20011212,1113,12,4909
20011212,1115,12,6210
20011212,1119,11,3827
20011212,1111,6,2598
20011212,1304,6,3156
20011212,1401,1,508
20011212,1107,1,280
20011211,1104,41,23008
20011211,1301,34,19470
20011211,1112,20,10771
20011211,1108,19,9882
20011211,1403,15,9089
20011211,1107,15,7709
20011211,1101,14,5477
20011211,1119,13,13185
20011211,1116,11,4161
20011211,1302,11,5313
20011211,1406,11,5179
20011211,1118,10,2090
20011211,1103,9,2809
20011211,1111,8,2752
20011211,1105,7,4398
20011211,1121,6,3888
20011211,1106,5,2934
20011211,1120,1,391
20011211,1117,1,613
20011210,1117,13,7829
20011210,1114,13,5865
20011210,1402,9,5329
20011210,1401,8,5279
20011210,1119,4,3438
20011210,1301,4,2309
20011210,1404,4,1870
20011209,1119,21,9421
20011209,1102,8,2994
20011209,1401,8,3769
20011209,1105,6,3920
20011209,1104,4,3335
20011208,1119,61,26869
20011208,1301,59,32920
20011208,1101,54,23766
20011208,1403,28,9491
20011208,1107,24,16867
20011208,1401,21,9636
20011208,1113,20,9140
20011208,1112,19,5932
20011208,1104,19,10934
20011208,1116,17,13774
20011208,1108,16,5018
20011208,1105,15,11261
20011208,1121,12,4507
20011208,1497,12,6980
20011208,1118,10,3454
20011208,1404,10,4308
20011208,1110,10,4326
20011208,1406,9,4821
20011208,1106,8,3973
20011208,1120,8,1584
20011208,1302,6,3224
20011208,1115,4,5395
20011207,1119,44,20919
20011207,1121,27,19507
20011207,1118,23,11549
20011207,1111,23,8160
20011207,1402,22,11244
20011207,1102,22,7508
20011207,1303,14,8518
20011207,1301,13,6744
20011207,1403,13,1856
20011207,1108,12,3660
20011207,1106,12,7572
20011207,1406,12,6942
20011207,1101,12,3661
20011207,1115,8,3987
20011207,1304,8,3738
20011207,1401,4,1502
20011207,1110,4,1282
20011207,1404,4,2504
20011207,1107,4,1442
20011207,1105,4,2201
20011206,1406,31,18323
20011206,1301,10,6177
20011206,1117,9,5372
20011206,1112,8,4628
20011206,1403,8,3818
20011206,1121,4,1595
20011205,1101,35,19839
20011205,1104,24,8934
20011205,1406,20,3825
20011205,1105,19,9744
20011205,1117,12,12231
20011205,1107,8,4841
20011205,1111,8,3071
20011205,1113,8,3976
20011205,1401,8,6204
20011205,1110,8,2438
20011205,1403,7,2846
20011205,1297,6,2445
20011205,1301,4,2337
20011205,1118,4,1756
20011205,1102,4,1431
20011204,1101,13,3440
20011204,1104,9,4760
20011204,1111,4,2097
20011203,1301,22,10842
20011203,1117,15,4488
20011203,1106,14,6512
20011203,1118,14,5716
20011203,1116,12,2940
20011203,1105,6,3487
20011203,1115,4,1507
20011203,1406,4,2487
20011203,1404,4,4513
20011203,1104,4,3335
20011202,1118,56,26954
20011202,1406,30,13912
20011202,1104,29,10995
20011202,1101,22,8530
20011202,1113,19,9796
20011202,1115,13,4888
20011202,1102,12,5046
20011202,1304,11,5870
20011202,1105,10,5826
20011202,1301,10,4324
20011202,1117,9,5528
20011202,1107,9,1779
20011202,1112,8,3797
20011202,1119,8,4995
20011202,1121,8,4297
20011202,1111,8,4117
20011202,1106,7,2821
20011202,1404,6,1579
20011202,1401,4,2787
20011202,1403,4,1091
20011202,1103,2,770
20011201,1301,31,19620
20011201,1111,15,8432
20011201,1105,13,8694
20011201,1497,8,4470
20011201,1106,8,4356
20011201,1116,8,4180
20011201,1101,7,4628
20011201,1406,7,5965
20011201,1118,4,728
20011201,1404,4,2504
20011201,1117,4,3556
20011201,1121,2,3014
20011201,1119,2,817
20011201,1401,2,1099
20011201,1403,2,997
20011130,1101,23,9759
20011130,1105,22,13680
20011130,1107,16,9795
20011130,1121,15,8391
20011130,1303,12,6141
20011130,1406,11,8120
20011130,1401,11,4991
20011130,1111,10,5126
20011130,1108,10,6015
20011130,1112,8,4343
20011130,1403,6,2609
20011130,1404,6,2433
20011130,1116,6,2171
20011130,1302,5,3930
20011130,1117,4,1993
20011130,1402,2,1444
20011130,1106,2,948
20011129,1301,42,21265
20011129,1101,34,17924
20011129,1119,22,8912
20011129,1403,14,8267
20011129,1118,14,4243
20011129,1103,14,7164
20011129,1107,11,5233
20011129,1406,7,4259
20011129,1115,5,2763
20011129,1121,4,1947
20011129,1304,4,1602
20011129,1113,2,742
20011128,1121,30,16083
20011128,1101,22,11358
20011128,1116,22,15029
20011128,1103,21,8803
20011128,1119,18,6312
20011128,1107,17,4705
20011128,1105,16,12147
20011128,1403,15,7082
20011128,1401,12,4392
20011128,1104,10,4780
20011128,1120,9,3200
20011128,1402,8,3726
20011128,1303,4,2061
20011128,1301,4,2050
20011128,1102,1,361
20011128,1117,1,1018
20011128,1406,1,990
20011128,1404,1,280
20011127,1105,12,10001
20011127,1113,9,3312
20011127,1104,7,2362
20011127,1110,7,4225
20011127,1121,7,2555
20011127,1111,6,3428
20011127,1101,4,1239
20011127,1304,3,1104
20011127,1102,3,1066
20011127,1401,2,1099
20011126,1406,39,27333
20011126,1107,36,24867
20011126,1401,27,17575
20011126,1403,24,9800
20011126,1121,23,9094
20011126,1402,21,9815
20011126,1112,20,12744
20011126,1111,16,2371
20011126,1106,14,12498
20011126,1119,13,5375
20011126,1116,9,4772
20011126,1120,9,3121
20011126,1301,8,3992
20011126,1114,4,1780
20011125,1121,14,4747
20011125,1105,14,9059
20011125,1112,11,4846
20011125,1403,11,4953
20011125,1404,9,5354
20011125,1102,7,3580
20011125,1101,4,2642
20011125,1301,1,844
20011124,1301,29,14887
20011124,1101,17,10685
20011124,1406,17,10844
20011124,1110,14,6692
20011124,1120,12,3688
20011124,1404,11,9724
20011124,1119,7,5147
20011124,1403,7,2664
20011124,1104,6,5521
20011124,1103,5,1544
20011124,1115,4,1868
20011124,1105,4,2564
20011123,1101,9,3716
20011123,1118,9,5294
20011123,1117,8,6640
20011123,1401,6,3979
20011123,1113,5,1641
20011122,1105,17,7065
20011122,1497,13,2865
20011122,1102,11,7420
20011122,1113,11,5302
20011122,1101,9,7022
20011122,1297,6,2130
20011122,1108,6,2268
20011122,1112,5,2541
20011122,1401,1,432
20011122,1403,1,341
20011121,1103,26,7384
20011121,1115,15,11697
20011121,1118,13,7060
20011121,1119,12,6276
20011121,1104,12,8596
20011121,1120,7,2071
20011121,1116,4,1837
20011121,1117,4,2986
20011120,1101,31,11460
20011120,1111,22,11351
20011120,1102,18,6662
20011120,1301,14,5074
20011120,1112,11,3855
20011120,1110,11,2475
20011120,1401,8,2913
20011120,1116,7,3057
20011120,1115,4,2255
20011120,1119,4,1807
20011120,1403,4,506
20011120,1107,4,2677
20011120,1402,4,3833
20011119,1121,15,14412
20011119,1115,12,6065
20011119,1301,11,2618
20011119,1117,7,5393
20011119,1120,6,4086
20011119,1118,5,2366
20011119,1102,4,1770
20011119,1113,4,1614
20011119,1103,4,1578
20011119,1401,4,2153
20011119,1404,4,3119
20011119,1406,2,662
20011118,1301,25,17030
20011118,1115,8,2833
20011118,1105,8,7712
20011118,1304,8,6317
20011118,1110,8,2864
20011118,1497,8,4492
20011118,1402,8,5040
20011118,1106,6,2428
20011118,1403,6,3900
20011118,1116,4,1599
20011118,1104,4,3335
20011117,1115,38,13641
20011117,1102,23,10405
20011117,1110,23,13743
20011117,1105,21,18207
20011117,1111,20,8246
20011117,1119,20,9490
20011117,1108,12,2316
20011117,1107,12,7713
20011117,1402,12,4194
20011117,1403,10,4721
20011117,1406,9,3683
20011117,1101,9,1806
20011117,1112,8,5957
20011117,1116,8,3952
20011117,1301,7,2589
20011117,1104,5,2540
20011117,1117,4,3206
20011117,1121,4,2076
20011117,1113,4,2502
20011117,1106,2,1100
20011116,1115,17,8017
20011116,1111,15,6731
20011116,1119,15,6893
20011116,1406,11,8710
20011116,1102,9,3075
20011116,1401,8,5270
20011116,1117,8,5945
20011116,1108,7,2104
20011116,1197,7,5172
20011115,1406,26,18283
20011115,1304,23,13039
20011115,1104,21,11382
20011115,1115,16,12603
20011115,1113,16,8423
20011115,1101,15,9737
20011115,1110,14,10249
20011115,1403,14,8143
20011115,1111,13,10711
20011115,1119,13,6778
20011115,1107,11,7353
20011115,1120,10,3414
20011115,1103,10,2038
20011115,1402,9,5329
20011115,1301,4,2165
20011115,1105,4,1747
20011115,1106,4,3267
20011113,1403,16,6188
20011113,1115,14,2860
20011113,1111,11,7579
20011113,1108,11,1885
20011113,1105,11,9311
20011113,1121,10,5291
20011113,1302,10,7271
20011113,1107,10,6443
20011113,1113,9,2977
20011113,1406,8,4717
20011113,1120,7,2849
20011113,1401,4,1962
20011113,1117,4,1055
20011113,1101,4,1302
20011113,1110,4,2336
20011112,1101,29,13273
20011112,1404,23,17407
20011112,1121,20,9740
20011112,1301,17,9468
20011112,1401,17,10957
20011112,1403,17,4034
20011112,1110,16,4608
20011112,1115,13,3748
20011112,1406,12,5703
20011112,1107,9,4971
20011112,1304,8,2969
20011112,1102,7,2065
20011112,1105,4,2847
20011112,1118,4,1998
20011111,1301,30,19731
20011111,1101,24,13172
20011111,1105,24,15121
20011111,1102,17,6894
20011111,1106,14,6250
20011111,1118,13,6320
20011111,1107,12,3156
20011111,1121,12,3768
20011111,1406,10,7221
20011111,1108,9,3303
20011111,1120,8,3636
20011111,1112,8,2035
20011111,1110,5,2750
20011111,1119,4,1442
20011111,1115,4,2887
20011111,1403,4,2353
20011111,1497,4,1776
20011110,1406,34,19926
20011110,1403,20,8419
20011110,1301,17,7395
20011110,1104,15,6632
20011110,1105,14,10827
20011110,1111,9,3768
20011110,1402,9,7391
20011110,1117,7,6230
20011110,1302,5,3760
20011110,1102,4,2074
20011110,1401,4,2701
20011110,1119,1,972
20011110,1112,1,245
20011110,1107,1,534
20011109,1406,23,14768
20011109,1118,23,4962
20011109,1107,19,8000
20011109,1101,15,11963
20011109,1103,11,2426
20011109,1120,9,5808
20011109,1102,6,2129
20011109,1121,4,1280
20011109,1113,4,1800
20011109,1110,4,2967
20011109,1105,4,2492
20011109,1106,4,1960
20011109,1497,4,1673
20011108,1401,18,2520
20011108,1402,14,7707
20011108,1113,12,4733
20011108,1108,10,3290
20011108,1120,7,1561
20011108,1121,7,3325
20011108,1119,4,3151
20011108,1116,4,1514
20011107,1303,8,4685
20011107,1113,5,993
20011107,1101,4,2326
20011107,1104,4,2007
20011107,1121,4,1768
20011106,1406,26,17454
20011106,1113,12,4308
20011106,1401,10,5066
20011106,1119,4,1451
20011106,1107,4,2620
20011106,1497,4,1658
20011106,1105,4,2748
20011105,1104,34,20850
20011105,1301,29,17311
20011105,1403,26,11608
20011105,1107,24,12298
20011105,1101,15,7930
20011105,1402,13,6107
20011105,1111,13,5946
20011105,1106,13,5772
20011105,1116,12,4470
20011105,1121,12,4151
20011105,1102,8,6872
20011105,1118,8,4294
20011105,1197,4,2820
20011105,1113,4,1453
20011105,1108,4,1221
20011105,1406,4,1728
20011105,1404,1,1960
20011104,1105,29,23103
20011104,1404,25,8915
20011104,1103,22,13667
20011104,1406,22,11747
20011104,1107,21,13304
20011104,1118,14,4568
20011104,1121,14,7526
20011104,1301,14,3332
20011104,1119,13,5252
20011104,1115,12,5712
20011104,1110,10,3164
20011104,1304,9,7387
20011104,1101,8,4817
20011104,1104,7,2277
20011104,1112,4,2174
20011103,1112,29,15768
20011103,1403,21,9376
20011103,1401,18,7868
20011103,1301,17,9285
20011103,1105,15,12076
20011103,1111,14,6635
20011103,1118,14,5887
20011103,1101,13,8425
20011103,1115,12,6794
20011103,1197,11,4378
20011103,1402,11,5641
20011103,1102,10,3806
20011103,1108,8,5603
20011103,1104,8,4933
20011103,1304,5,2230
20011103,1121,4,1387
20011103,1406,4,2162
20011103,1302,4,2638
20011103,1110,2,1127
20011103,1113,1,259
20011102,1101,4,2729
20011102,1301,4,2116
20011101,1121,16,6990
20011101,1108,12,6144
20011101,1110,11,2703
20011101,1120,9,4771
20011101,1117,6,4814
20011101,1406,6,4166
20011031,1105,18,10031
20011031,1406,17,9511
20011031,1119,16,7382
20011031,1104,15,10083
20011031,1102,13,4624
20011031,1101,11,3746
20011031,1108,9,3385
20011031,1401,8,2607
20011031,1403,7,853
20011031,1116,5,1853
20011031,1106,2,1262
20011031,1103,1,302
20011030,1101,17,5471
20011030,1119,10,5898
20011030,1107,10,6622
20011030,1111,10,5059
20011030,1406,10,6827
20011030,1103,9,2716
20011030,1105,8,4918
20011030,1102,2,819
20011030,1402,2,1228
20011030,1113,2,716
20011029,1406,33,20590
20011029,1111,15,14209
20011029,1105,13,14754
20011029,1401,12,3335
20011029,1101,11,3786
20011029,1121,9,6049
20011029,1403,8,4237
20011029,1104,8,5262
20011029,1118,5,995
20011029,1302,4,2879
20011027,1115,21,8342
20011027,1104,19,7535
20011027,1116,18,7200
20011027,1401,18,9132
20011027,1121,15,4801
20011027,1303,15,7209
20011027,1301,14,5781
20011027,1107,12,6870
20011027,1302,11,8378
20011027,1112,10,2832
20011027,1103,10,3463
20011027,1105,10,5815
20011027,1403,9,1337
20011027,1119,9,9088
20011027,1118,8,1592
20011027,1406,6,2490
20011027,1402,2,1095
20011027,1120,2,1122
20011026,1108,12,8060
20011026,1301,11,8189
20011026,1115,9,3402
20011026,1101,8,4701
20011026,1302,8,1877
20011026,1112,8,5405
20011026,1111,8,3597
20011026,1406,7,4060
20011026,1107,7,2741
20011026,1119,6,3009
20011026,1117,4,2681
20011026,1401,3,1296
20011025,1101,29,13131
20011025,1406,28,16657
20011025,1104,19,8194
20011025,1105,16,13940
20011025,1111,16,6218
20011025,1113,14,4985
20011025,1301,10,5937
20011025,1403,8,3068
20011025,1197,8,3517
20011025,1108,7,2362
20011025,1201,6,3510
20011025,1118,6,2448
20011025,1107,6,2352
20011025,1401,6,3927
20011025,1402,6,5277
20011025,1404,6,2882
20011025,1102,4,2074
20011025,1297,4,1735
20011025,1110,1,459
20011025,1112,1,636
20011024,1113,43,19352
20011024,1111,40,10339
20011024,1101,29,12005
20011024,1403,26,12613
20011024,1104,18,9772
20011024,1121,13,5130
20011024,1119,12,4614
20011024,1197,10,4448
20011024,1110,10,4585
20011024,1120,9,2889
20011024,1112,8,3874
20011024,1102,8,2814
20011024,1406,8,4389
20011024,1108,7,4118
20011024,1103,4,1549
20011024,1301,4,2139
20011024,1106,3,1328
20011023,1301,19,11422
20011023,1101,17,3302
20011023,1117,16,6328
20011023,1107,14,7204
20011023,1121,13,5653
20011023,1103,9,7059
20011023,1406,8,3970
20011023,1104,4,2383
20011023,1112,4,1768
20011022,1101,19,11521
20011022,1115,18,9948
20011022,1106,18,6719
20011022,1301,18,8768
20011022,1121,17,7207
20011022,1103,14,5963
20011022,1107,12,4936
20011022,1111,8,1622
20011022,1110,4,2544
20011022,1120,4,1693
20011022,1303,4,2489
20011021,1112,38,31840
20011021,1406,30,16819
20011021,1105,27,15578
20011021,1403,27,11349
20011021,1107,24,15179
20011021,1119,21,9522
20011021,1301,17,7394
20011021,1121,17,8670
20011021,1118,17,4103
20011021,1110,16,6670
20011021,1101,14,7879
20011021,1116,13,5261
20011021,1113,12,5929
20011021,1111,12,6024
20011021,1102,10,3594
20011021,1115,8,3461
20011021,1120,8,2173
20011021,1106,8,6559
20011021,1104,8,5247
20011021,1402,8,4997
20011021,1304,6,2952
20011021,1401,4,2202
20011021,1201,4,2628
20011020,1102,39,15328
20011020,1101,23,10129
20011020,1301,22,10697
20011020,1116,22,14594
20011020,1111,16,6020
20011020,1121,16,12484
20011020,1115,13,6986
20011020,1108,12,3431
20011020,1403,12,9306
20011020,1107,11,4742
20011020,1105,8,6490
20011020,1302,7,4185
20011020,1406,4,2970
20011020,1197,2,1429
20011020,1401,2,1369
20011020,1103,2,666
20011019,1301,39,24207
20011019,1121,36,13678
20011019,1406,30,16549
20011019,1403,26,14636
20011019,1115,24,10020
20011019,1401,23,11495
20011019,1101,13,3783
20011019,1105,13,9209
20011019,1120,9,4711
20011019,1108,9,6215
20011019,1107,9,3688
20011019,1116,8,2671
20011019,1111,7,4096
20011019,1113,4,1755
20011019,1104,4,2977
20011019,1112,4,2334
20011019,1110,1,385
20011018,1301,20,7403
20011018,1115,18,19482
20011018,1103,17,6882
20011018,1404,12,5106
20011018,1114,7,3115
20011018,1101,6,3406
20011018,1110,4,1996
20011018,1112,4,3699
20011018,1121,4,1387
20011017,1402,14,6568
20011017,1105,12,6556
20011017,1102,10,2900
20011017,1403,9,3975
20011017,1112,9,4937
20011017,1406,7,3133
20011017,1107,6,2624
20011017,1106,4,1551
20011017,1101,4,2433
20011016,1301,35,17565
20011016,1105,31,20652
20011016,1101,30,15053
20011016,1121,26,11307
20011016,1402,23,12824
20011016,1118,22,6790
20011016,1115,18,16496
20011016,1406,15,6318
20011016,1110,13,6148
20011016,1103,13,3447
20011016,1107,9,1539
20011016,1104,5,2743
20011016,1304,4,2923
20011016,1404,4,2514
20011016,1116,3,1185
20011016,1106,1,944
20011016,1113,1,446
20011015,1403,45,24001
20011015,1301,34,16555
20011015,1119,33,19555
20011015,1107,32,17264
20011015,1121,25,13396
20011015,1406,22,13750
20011015,1110,21,14542
20011015,1302,21,13920
20011015,1103,17,5139
20011015,1115,12,7032
20011015,1303,9,4280
20011015,1101,8,3148
20011015,1304,8,3480
20011015,1120,7,3031
20011015,1108,4,1221
20011015,1104,4,2508
20011015,1117,4,2986
20011015,1113,4,2892
20011015,1111,2,945
20011014,1104,16,8000
20011014,1406,13,9212
20011014,1118,9,3273
20011014,1121,8,4803
20011014,1101,6,3958
20011014,1108,4,1816
20011013,1403,16,9266
20011013,1121,14,5502
20011013,1406,12,4140
20011013,1107,9,5772
20011013,1404,9,3827
20011013,1301,8,4390
20011013,1117,8,5655
20011013,1118,4,728
20011013,1111,4,1442
20011013,1102,4,1420
20011012,1121,20,6959
20011012,1110,9,6495
20011012,1301,8,6864
20011012,1406,7,3329
20011012,1119,7,5608
20011012,1118,4,639
20011012,1304,4,1992
20011012,1402,4,3179
20011012,1106,4,3034
20011011,1104,24,11160
20011011,1101,19,5224
20011011,1401,14,6630
20011011,1103,14,14619
20011011,1115,12,2943
20011011,1121,9,5187
20011011,1111,8,3638
20011011,1201,8,3627
20011011,1301,8,5015
20011011,1105,8,4410
20011011,1406,5,2207
20011011,1113,4,1453
20011011,1304,4,1992
20011010,1120,38,20225
20011010,1102,37,19327
20011010,1104,32,18731
20011010,1121,30,14664
20011010,1105,27,13167
20011010,1303,26,14486
20011010,1406,26,14189
20011010,1119,19,9970
20011010,1117,19,9620
20011010,1101,17,4033
20011010,1301,14,7258
20011010,1112,14,6521
20011010,1401,12,7652
20011010,1107,11,2147
20011010,1103,9,2322
20011010,1110,9,5738
20011010,1404,8,2715
20011010,1111,8,1536
20011010,1403,8,6870
20011010,1115,4,1384
20011010,1108,4,2011
20011010,1113,1,446
20011009,1406,31,16188
20011009,1107,29,11699
20011009,1104,26,22175
20011009,1106,18,7263
20011009,1301,18,10471
20011009,1102,14,4922
20011009,1403,12,6673
20011009,1402,9,7187
20011009,1118,7,2581
20011009,1115,4,2507
20011008,1105,28,21825
20011008,1108,27,12821
20011008,1406,24,14990
20011008,1403,20,5972
20011008,1301,18,12963
20011008,1401,17,10512
20011008,1117,17,9888
20011008,1103,15,7509
20011008,1101,10,8129
20011008,1112,8,4166
20011008,1110,8,4276
20011008,1111,4,1395
20011008,1201,4,2228
20011007,1101,12,7867
20011007,1401,12,5844
20011007,1402,10,6621
20011007,1302,8,4312
20011007,1304,8,5287
20011007,1115,4,1429
20011007,1301,4,1893
20011007,1406,4,2772
20011006,1403,5,2575
20011006,1115,2,1592
20011006,1104,1,502
20011006,1107,1,180
20011006,1121,1,418
20011006,1301,1,365
20011005,1301,23,8536
20011005,1107,22,10717
20011005,1406,22,10972
20011005,1119,20,4583
20011005,1105,18,12741
20011005,1111,17,10365
20011005,1401,14,4400
20011005,1108,13,5966
20011005,1101,11,4071
20011005,1115,10,5788
20011005,1402,10,5269
20011005,1303,9,2695
20011005,1403,8,4423
20011005,1116,4,2819
20011005,1114,3,1123
20011005,1104,2,1480
20011005,1197,1,813
20011004,1301,20,12909
20011004,1303,18,9085
20011004,1108,12,5722
20011004,1110,12,4132
20011004,1401,9,4212
20011004,1406,9,5472
20011004,1116,9,6917
20011004,1104,9,3821
20011004,1119,8,3237
20011004,1101,8,1528
20011004,1111,6,3867
20011004,1403,6,2868
20011003,1101,32,15565
20011003,1301,31,16045
20011003,1105,26,11244
20011003,1120,24,7328
20011003,1104,21,9810
20011003,1115,21,17506
20011003,1402,20,12671
20011003,1118,14,5003
20011003,1116,12,6129
20011003,1406,11,6514
20011003,1119,11,10502
20011003,1401,9,5576
20011003,1108,9,3385
20011003,1121,8,1350
20011003,1297,7,2703
20011003,1197,6,4309
20011003,1111,4,1869
20011003,1102,4,1468
20011002,1105,25,21390
20011002,1104,24,11436
20011002,1403,19,7147
20011002,1114,13,5554
20011002,1110,12,7186
20011002,1121,10,6286
20011002,1404,8,3562
20011002,1102,7,3386
20011002,1111,6,2563
20011002,1197,4,1592
20011001,1401,21,7115
20011001,1115,20,6808
20011001,1116,18,9206
20011001,1101,17,4834
20011001,1110,15,5568
20011001,1119,13,7760
20011001,1304,13,6062
20011001,1301,13,7820
20011001,1102,13,11363
20011001,1103,12,3096
20011001,1112,9,7044
20011001,1406,9,1773
20011001,1302,9,6289
20011001,1402,6,3714
20011001,1104,4,2469
20011001,1118,4,1437
20011001,1404,4,1255
20011001,1105,4,1884
20011001,1197,4,1813
20010930,1406,24,11157
20010930,1119,13,4734
20010930,1304,12,3312
20010930,1301,12,7605
20010930,1111,10,4938
20010930,1116,10,6947
20010930,1117,8,4823
20010930,1403,8,3785
20010930,1121,7,8748
20010930,1103,7,2695
20010930,1115,6,2958
20010930,1297,4,1638
20010930,1197,4,2332
20010930,1104,4,2860
20010930,1105,4,2847
20010928,1102,17,6234
20010928,1302,16,8806
20010928,1107,14,9876
20010928,1110,12,6601
20010928,1104,11,3387
20010928,1101,4,834
20010928,1112,1,385
20010928,1301,1,522
20010927,1107,26,12354
20010927,1112,22,9908
20010927,1101,21,7768
20010927,1119,18,8996
20010927,1301,17,9044
20010927,1404,13,4076
20010927,1103,13,4625
20010927,1105,13,6188
20010927,1303,10,5480
20010927,1118,9,3167
20010927,1117,9,6782
20010927,1201,8,5144
20010927,1110,8,2896
20010927,1120,6,1812
20010926,1107,28,12122
20010926,1406,28,16445
20010926,1104,27,12269
20010926,1301,24,12218
20010926,1403,21,9947
20010926,1111,16,5839
20010926,1404,14,3856
20010926,1105,13,8345
20010926,1115,8,3552
20010926,1101,8,3156
20010926,1121,7,3222
20010926,1402,6,3093
20010925,1403,35,16899
20010925,1101,21,7972
20010925,1406,21,11480
20010925,1111,19,8049
20010925,1121,17,14021
20010925,1119,13,6206
20010925,1404,12,6942
20010925,1402,12,5646
20010925,1301,12,6191
20010925,1107,9,3628
20010925,1104,9,4644
20010925,1103,9,3459
20010925,1118,4,1253
20010925,1116,4,2711
20010925,1115,4,1237
20010925,1108,4,1492
20010924,1104,18,12672
20010924,1303,17,8270
20010924,1115,15,7765
20010924,1113,14,5262
20010924,1301,11,6009
20010924,1103,10,3707
20010924,1101,9,5229
20010924,1106,8,3535
20010924,1111,7,1987
20010924,1297,7,3144
20010924,1105,6,3723
20010924,1403,6,4199
20010924,1114,4,1714
20010924,1497,4,1658
20010923,1101,38,9280
20010923,1301,25,10673
20010923,1402,25,16898
20010923,1403,22,9502
20010923,1297,19,8063
20010923,1112,19,10067
20010923,1303,18,9286
20010923,1121,17,4383
20010923,1116,17,11809
20010923,1113,16,5886
20010923,1102,16,6980
20010923,1115,13,3367
20010923,1406,13,4883
20010923,1110,10,2976
20010923,1497,9,5557
20010923,1119,7,3105
20010923,1106,7,3856
20010923,1302,7,1650
20010923,1117,4,3067
20010923,1111,4,1811
20010923,1107,4,2337
20010923,1105,4,2422
20010923,1104,4,1452
20010923,1103,3,906
20010922,1406,36,17377
20010922,1110,35,11684
20010922,1119,30,15475
20010922,1105,26,18520
20010922,1115,16,7096
20010922,1403,15,7690
20010922,1404,15,12830
20010922,1302,13,7231
20010922,1102,12,4570
20010922,1304,12,8281
20010922,1101,11,5730
20010922,1402,10,4680
20010922,1118,8,4256
20010922,1401,4,2083
20010922,1497,4,1473
20010921,1301,43,16819
20010921,1121,37,19908
20010921,1403,32,13767
20010921,1402,28,14200
20010921,1101,27,10571
20010921,1115,13,5875
20010921,1119,13,5836
20010921,1105,12,5513
20010921,1303,12,5053
20010921,1104,8,4671
20010921,1107,8,5169
20010921,1404,7,3509
20010921,1401,6,2592
20010921,1406,5,1537
20010921,1297,4,1638
20010921,1106,4,1243
20010921,1117,4,2307
20010921,1120,4,1153
20010921,1302,1,752
20010921,1113,1,654
20010921,1497,1,645
20010920,1119,25,9690
20010920,1121,20,9417
20010920,1102,19,7704
20010920,1301,19,7505
20010920,1113,18,10948
20010920,1303,17,8200
20010920,1105,16,12192
20010920,1106,14,10212
20010920,1401,12,5519
20010920,1406,12,3471
20010920,1107,12,5128
20010920,1115,10,4279
20010920,1304,10,6676
20010920,1104,8,2145
20010920,1101,8,2745
20010920,1111,5,2400
20010920,1112,4,2544
20010920,1120,4,1693
20010920,1108,1,337
20010919,1406,55,25477
20010919,1403,37,15164
20010919,1119,28,14854
20010919,1101,16,9695
20010919,1111,12,6194
20010919,1104,12,5580
20010919,1108,10,3363
20010919,1107,9,4716
20010919,1110,9,3260
20010919,1112,8,4277
20010919,1301,8,5790
20010919,1103,8,6420
20010919,1105,7,3592
20010919,1115,7,4828
20010919,1401,6,3471
20010919,1118,6,3353
20010919,1121,4,1900
20010919,1302,4,2638
20010919,1497,4,2332
20010918,1301,57,25260
20010918,1403,29,12443
20010918,1101,22,6788
20010918,1112,20,14957
20010918,1115,19,10777
20010918,1114,19,6802
20010918,1105,18,12288
20010918,1120,16,4249
20010918,1304,15,6560
20010918,1404,12,7064
20010918,1106,11,6533
20010918,1401,6,2903
20010918,1197,6,3586
20010918,1110,5,2919
20010918,1201,4,2228
20010918,1303,4,1496
20010918,1104,4,1436
20010918,1406,4,1780
20010918,1102,4,1707
20010918,1108,2,1066
20010917,1104,29,16502
20010917,1121,17,8590
20010917,1111,16,6659
20010917,1101,16,9058
20010917,1119,14,9703
20010917,1404,13,3496
20010917,1406,12,3858
20010917,1105,10,7304
20010917,1103,10,3180
20010917,1107,10,4350
20010917,1112,8,4912
20010917,1113,8,4682
20010917,1118,8,2768
20010917,1110,4,1136
20010917,1302,4,796
20010917,1108,4,2240
20010916,1107,24,8264
20010916,1105,21,12842
20010916,1103,19,23674
20010916,1119,15,5326
20010916,1406,8,3990
20010916,1301,8,3147
20010916,1403,7,5462
20010916,1120,7,1848
20010916,1121,7,2181
20010916,1104,6,3815
20010916,1303,4,1860
20010916,1101,1,519
20010915,1120,32,14306
20010915,1119,24,12015
20010915,1301,14,7575
20010915,1115,13,7677
20010915,1102,12,4086
20010915,1403,10,4977
20010915,1101,9,2493
20010915,1404,9,7838
20010915,1104,7,3107
20010915,1117,4,1377
20010915,1113,4,1671
20010915,1108,4,2051
20010915,1112,1,334
20010915,1105,1,346
20010914,1115,29,12423
20010914,1104,23,15579
20010914,1117,13,5291
20010914,1301,12,5784
20010914,1304,11,5844
20010914,1406,9,4914
20010914,1403,9,4073
20010914,1112,8,5022
20010914,1106,8,4731
20010914,1120,6,5492
20010914,1113,6,1881
20010914,1401,5,2747
20010914,1101,5,1766
20010914,1103,4,1783
20010914,1302,4,2275
20010914,1119,4,2771
20010914,1105,4,1904
20010914,1108,1,329
20010913,1101,16,7599
20010913,1105,14,7653
20010913,1121,10,3624
20010913,1403,9,5524
20010913,1113,8,2750
20010913,1102,7,3472
20010913,1110,7,2557
20010913,1117,5,3850
20010913,1103,4,1672
20010913,1115,4,837
20010913,1120,4,1176
20010913,1119,2,890
20010913,1406,2,1314
20010913,1104,2,2272
20010913,1118,1,458
20010913,1111,1,583
20010913,1497,1,237
20010912,1101,32,12129
20010912,1301,19,13847
20010912,1112,19,7759
20010912,1105,15,7920
20010912,1102,13,5016
20010912,1119,13,5521
20010912,1115,13,4590
20010912,1403,10,4049
20010912,1497,9,4933
20010912,1116,8,2641
20010912,1110,7,2226
20010912,1107,7,4233
20010912,1120,7,2849
20010912,1121,6,2442
20010912,1104,5,3059
20010912,1406,5,2803
20010912,1111,4,1480
20010912,1202,4,1471
20010912,1113,4,1453
20010912,1106,3,2589
20010912,1404,1,280
20010911,1403,45,17841
20010911,1119,21,14164
20010911,1105,20,10345
20010911,1102,19,7200
20010911,1497,15,3415
20010911,1120,14,12921
20010911,1110,12,5130
20010911,1401,11,2448
20010911,1106,10,3146
20010911,1108,9,1161
20010911,1115,8,4916
20010911,1404,8,3317
20010911,1112,7,2033
20010911,1116,7,2347
20010911,1101,7,3395
20010911,1197,7,2786
20010911,1297,6,4075
20010911,1104,6,3000
20010910,1301,24,11789
20010910,1404,20,15391
20010910,1119,15,1967
20010910,1102,14,5238
20010910,1108,14,2422
20010910,1104,13,6376
20010910,1101,11,2769
20010910,1114,10,4110
20010910,1112,9,3847
20010910,1107,9,2261
20010910,1202,8,4248
20010910,1106,8,5320
20010910,1406,8,6349
20010910,1401,4,1516
20010910,1402,4,2161
20010909,1115,19,5847
20010909,1113,16,4063
20010909,1105,15,14644
20010909,1302,12,5040
20010909,1401,12,6204
20010909,1108,9,1553
20010909,1119,8,5459
20010909,1101,8,2569
20010909,1404,8,3352
20010909,1111,8,3362
20010909,1103,4,1472
20010909,1117,3,2072
20010909,1116,3,1051
20010909,1402,3,1709
20010909,1107,3,1955
20010909,1403,3,1371
20010909,1118,3,1689
20010908,1101,16,9231
20010908,1118,11,3435
20010908,1102,9,3839
20010908,1119,9,6131
20010908,1105,8,2683
20010908,1406,8,6032
20010908,1404,8,2251
20010908,1110,4,1230
20010908,1116,1,601
20010907,1102,25,20281
20010907,1301,24,7999
20010907,1104,21,11122
20010907,1101,17,7046
20010907,1402,17,9521
20010907,1403,17,7036
20010907,1111,14,5999
20010907,1401,14,7387
20010907,1115,13,11920
20010907,1116,13,7919
20010907,1107,13,3790
20010907,1110,4,1448
20010907,1120,4,1936
20010907,1119,4,2026
20010907,1118,4,1253
20010906,1101,43,17685
20010906,1104,27,15850
20010906,1110,24,8501
20010906,1121,24,5862
20010906,1108,13,4036
20010906,1201,9,5265
20010906,1406,9,5262
20010906,1119,9,3554
20010906,1102,9,2745
20010906,1404,7,2933
20010906,1107,7,1328
20010906,1403,6,2273
20010905,1119,26,10873
20010905,1101,18,9324
20010905,1117,17,9803
20010905,1104,13,5552
20010905,1121,12,6252
20010905,1497,9,5253
20010905,1402,9,5141
20010905,1115,8,4947
20010905,1201,4,2103
20010905,1105,4,4140
20010905,1404,3,684
20010905,1107,3,1542
20010905,1113,1,654
20010904,1301,36,11539
20010904,1403,32,15295
20010904,1105,30,19739
20010904,1121,18,8531
20010904,1118,16,8832
20010904,1401,14,4123
20010904,1104,11,5047
20010904,1101,10,2298
20010904,1102,7,5259
20010904,1107,4,1120
20010904,1402,4,2161
20010904,1304,4,1740
20010904,1116,2,1002
20010904,1406,2,1088
20010904,1111,2,721
20010904,1115,1,562
20010903,1403,31,11473
20010903,1112,23,10725
20010903,1401,21,9419
20010903,1107,19,7853
20010903,1105,18,9407
20010903,1202,17,6320
20010903,1101,16,5993
20010903,1406,15,5795
20010903,1301,14,6488
20010903,1110,12,3840
20010903,1108,12,3792
20010903,1119,12,4597
20010903,1116,11,3825
20010903,1104,11,6774
20010903,1111,10,6941
20010903,1120,9,1769
20010903,1197,7,4979
20010903,1404,7,3084
20010903,1115,4,1077
20010902,1403,23,13733
20010902,1301,10,4909
20010902,1303,9,4146
20010902,1104,4,2541
20010902,1304,4,1740
20010902,1118,4,639
20010901,1104,9,4532
20010831,1105,18,15338
20010831,1121,10,5792
20010831,1403,3,1129
20010831,1304,3,1316
20010831,1101,3,773
20010830,1403,38,15940
20010830,1107,27,11533
20010830,1119,26,14323
20010830,1406,22,10583
20010830,1401,19,8659
20010830,1102,17,5667
20010830,1108,13,6082
20010830,1115,12,6156
20010830,1303,12,4554
20010830,1101,10,4899
20010830,1106,8,2126
20010830,1117,8,5619
20010830,1121,8,6449
20010830,1402,4,3508
20010830,1110,4,1300
20010830,1105,4,2748
20010830,1404,4,1674
20010829,1111,16,11520
20010829,1406,16,6490
20010829,1301,16,8108
20010829,1121,15,11462
20010829,1116,15,9144
20010829,1104,12,7056
20010829,1117,10,4868
20010829,1403,10,5038
20010829,1105,9,4423
20010829,1102,8,3567
20010829,1115,7,4034
20010829,1118,7,2422
20010829,1103,6,1524
20010829,1108,5,2422
20010829,1101,4,1884
20010829,1107,3,1806
20010829,1110,2,1127
20010829,1197,1,398
20010828,1401,40,25269
20010828,1121,38,21474
20010828,1403,35,17567
20010828,1104,30,14889
20010828,1101,21,6387
20010828,1406,20,11363
20010828,1119,20,11555
20010828,1106,20,8064
20010828,1110,12,5836
20010828,1108,11,4961
20010828,1115,9,2190
20010828,1301,9,2587
20010828,1404,9,2573
20010828,1303,9,5000
20010828,1105,9,4708
20010828,1102,7,2147
20010828,1118,6,3858
20010828,1112,4,1766
20010828,1302,4,2113
20010828,1111,4,1420
20010827,1301,68,33056
20010827,1106,24,10902
20010827,1101,21,11861
20010827,1302,21,8064
20010827,1118,16,7758
20010827,1105,16,7967
20010827,1113,13,5125
20010827,1401,12,5147
20010827,1111,10,4553
20010827,1406,10,5873
20010827,1404,9,2639
20010827,1108,9,1980
20010827,1104,9,4118
20010827,1402,8,6753
20010827,1497,7,2697
20010827,1102,6,2562
20010827,1117,5,3388
20010827,1403,1,671
20010827,1121,1,407
20010826,1110,24,5543
20010826,1105,21,14039
20010826,1112,17,9264
20010826,1406,17,9103
20010826,1103,17,9515
20010826,1117,17,8318
20010826,1403,17,5785
20010826,1401,15,8000
20010826,1106,14,7441
20010826,1113,12,3784
20010826,1301,10,6417
20010826,1303,9,5295
20010826,1404,9,3659
20010826,1101,9,5988
20010826,1104,8,3782
20010826,1121,6,1931
20010826,1402,5,3290
20010826,1114,5,1920
20010826,1116,4,1794
20010826,1102,4,1307
20010825,1406,15,7007
20010825,1112,12,3350
20010825,1113,8,4584
20010825,1121,4,2883
20010825,1101,4,1527
20010824,1105,42,23594
20010824,1102,39,13717
20010824,1101,25,9894
20010824,1119,22,7890
20010824,1301,20,9736
20010824,1304,19,9540
20010824,1401,18,11156
20010824,1111,17,6794
20010824,1104,14,10289
20010824,1117,9,4837
20010824,1103,8,2750
20010824,1197,8,5451
20010824,1303,4,1921
20010824,1115,4,2635
20010824,1121,2,690
20010824,1116,2,865
20010824,1120,1,185
20010824,1106,1,550
20010824,1107,1,788
20010823,1406,29,15504
20010823,1121,17,7228
20010823,1113,15,6317
20010823,1115,15,10642
20010823,1104,10,6666
20010823,1297,4,2847
20010823,1111,4,2092
20010823,1404,4,1660
20010822,1105,33,18282
20010822,1104,30,16330
20010822,1301,26,15829
20010822,1118,26,9241
20010822,1101,24,6438
20010822,1102,23,8398
20010822,1119,22,9131
20010822,1121,15,6069
20010822,1406,14,6800
20010822,1403,12,5212
20010822,1110,10,5364
20010822,1112,9,6543
20010822,1111,9,4247
20010822,1401,9,1860
20010822,1303,8,3714
20010822,1402,8,3726
20010822,1103,8,1848
20010822,1120,4,1119
20010821,1403,22,8465
20010821,1115,22,9951
20010821,1119,19,7754
20010821,1117,15,6097
20010821,1406,14,6104
20010821,1401,13,4793
20010821,1301,12,4845
20010821,1107,9,5095
20010821,1101,8,2803
20010821,1404,6,2447
20010821,1105,6,2240
20010821,1112,4,1922
20010821,1121,4,636
20010821,1303,4,1833
20010820,1104,28,16268
20010820,1121,22,11438
20010820,1119,20,6248
20010820,1108,18,6346
20010820,1403,16,8365
20010820,1301,15,9738
20010820,1116,14,4887
20010820,1111,12,6420
20010820,1102,12,11929
20010820,1115,10,5780
20010820,1401,10,5311
20010820,1101,10,3506
20010820,1112,10,3610
20010820,1103,9,6652
20010820,1406,9,5690
20010820,1297,8,5643
20010820,1303,4,1833
20010820,1105,2,1217
20010819,1406,24,9546
20010819,1403,19,9107
20010819,1107,16,10484
20010819,1119,12,3436
20010819,1118,12,2131
20010819,1303,12,5195
20010819,1201,10,5055
20010819,1111,8,2486
20010819,1121,8,5178
20010819,1108,8,3006
20010819,1115,8,3817
20010819,1301,8,3639
20010819,1402,4,1986
20010819,1105,4,1552
20010819,1120,3,898
20010818,1119,24,10220
20010818,1403,24,12240
20010818,1121,23,12572
20010818,1114,22,7935
20010818,1406,20,9248
20010818,1115,20,8376
20010818,1107,18,5427
20010818,1301,17,7391
20010818,1110,16,5769
20010818,1102,9,7317
20010818,1105,9,3168
20010818,1103,9,6241
20010818,1401,9,4542
20010818,1404,9,3785
20010818,1116,8,3219
20010818,1104,8,2349
20010818,1117,6,1752
20010818,1303,6,2889
20010818,1118,5,2190
20010818,1101,4,2707
20010818,1120,4,1119
20010817,1301,28,12211
20010817,1105,25,9827
20010817,1115,23,9494
20010817,1102,19,6467
20010817,1401,16,7434
20010817,1119,14,8989
20010817,1103,13,4583
20010817,1116,13,6938
20010817,1403,12,5664
20010817,1111,10,5244
20010817,1402,9,4263
20010817,1108,9,4234
20010817,1104,4,1720
20010817,1406,4,1185
20010817,1107,4,1380
20010817,1302,4,2914
20010816,1301,20,10258
20010816,1108,13,4456
20010816,1403,13,4201
20010816,1120,12,2580
20010816,1117,12,8947
20010816,1101,11,4716
20010816,1104,10,3523
20010816,1402,10,8145
20010816,1102,9,2610
20010816,1406,8,1653
20010816,1110,8,2414
20010816,1103,8,2792
20010816,1116,4,2412
20010816,1107,4,1746
20010816,1119,4,2093
20010815,1115,23,13017
20010815,1101,14,7586
20010815,1120,14,6023
20010815,1118,8,5437
20010815,1116,7,2534
20010814,1117,31,20609
20010814,1403,26,11772
20010814,1103,21,9698
20010814,1111,18,8105
20010814,1106,13,6342
20010814,1119,11,6017
20010814,1113,11,4941
20010814,1105,10,5414
20010814,1107,10,7587
20010814,1406,9,5277
20010814,1301,9,4733
20010814,1102,8,3220
20010814,1110,8,2426
20010814,1116,7,3526
20010814,1101,7,1894
20010814,1121,6,2070
20010814,1104,4,1110
20010814,1302,4,2136
20010814,1108,4,1553
20010814,1118,1,247
20010814,1401,1,333
20010813,1301,42,21302
20010813,1101,31,14952
20010813,1401,30,16717
20010813,1111,29,13310
20010813,1406,19,8262
20010813,1113,18,7687
20010813,1115,17,8371
20010813,1116,16,7291
20010813,1105,14,6439
20010813,1121,13,7815
20010813,1403,8,2968
20010813,1404,6,2568
20010813,1119,5,1174
20010813,1497,4,2164
20010813,1104,4,1896
20010813,1107,1,302
20010812,1406,37,12565
20010812,1113,32,10863
20010812,1106,27,17528
20010812,1101,24,11792
20010812,1111,22,8402
20010812,1112,21,7050
20010812,1301,18,8390
20010812,1117,13,7144
20010812,1119,13,8688
20010812,1404,12,6737
20010812,1201,12,6882
20010812,1304,9,6661
20010812,1302,9,4923
20010812,1120,9,2842
20010812,1401,8,3668
20010812,1110,8,2878
20010812,1118,6,1078
20010812,1105,4,3271
20010812,1102,4,3407
20010811,1403,46,23629
20010811,1101,26,9505
20010811,1301,24,7496
20010811,1115,18,7795
20010811,1105,16,11986
20010811,1102,13,5390
20010811,1110,10,6880
20010811,1406,9,6300
20010811,1302,9,4923
20010811,1401,9,3688
20010811,1108,8,2753
20010811,1402,7,3219
20010811,1112,7,2422
20010811,1113,4,2289
20010810,1106,21,6471
20010810,1121,21,14651
20010810,1403,13,3261
20010810,1406,12,5473
20010810,1118,11,3833
20010810,1119,11,4500
20010810,1116,10,4100
20010810,1113,8,5784
20010810,1301,8,3181
20010810,1111,8,5196
20010810,1107,8,3299
20010810,1105,7,3413
20010810,1115,4,1356
20010810,1102,4,1658
20010809,1105,19,9256
20010809,1118,18,5772
20010809,1406,14,8388
20010809,1106,11,4087
20010809,1197,9,6569
20010809,1103,9,6241
20010809,1107,9,4282
20010809,1104,9,6351
20010809,1403,8,2818
20010809,1301,7,4128
20010809,1101,7,1274
20010809,1115,2,2620
20010808,1119,24,8237
20010808,1110,15,4440
20010808,1202,13,4849
20010808,1497,13,4343
20010808,1406,12,3144
20010808,1404,12,3379
20010808,1121,8,3379
20010808,1108,4,1228
20010808,1118,4,1950
20010808,1112,4,1091
20010808,1103,4,598
20010808,1401,2,493
20010808,1116,1,579
20010808,1115,1,562
20010808,1111,1,608
20010807,1110,18,5365
20010807,1105,18,10429
20010807,1112,13,5459
20010807,1402,12,6165
20010807,1113,9,5014
20010807,1119,4,2666
20010807,1302,4,2278
20010807,1101,4,1059
20010807,1118,1,477
20010807,1406,1,954
20010806,1106,25,9797
20010806,1107,20,13654
20010806,1406,18,7354
20010806,1301,16,9709
20010806,1119,12,3732
20010806,1104,9,5769
20010806,1101,8,2904
20010806,1121,7,2684
20010806,1116,7,2303
20010806,1105,6,1671
20010806,1303,4,1860
20010806,1102,4,1516
20010806,1118,4,1384
20010806,1401,2,467
20010806,1113,2,674
20010805,1406,26,10991
20010805,1116,21,13698
20010805,1121,15,5834
20010805,1105,14,8331
20010805,1403,14,4491
20010805,1107,13,3717
20010805,1102,12,9855
20010805,1304,10,6171
20010805,1301,8,3069
20010805,1106,8,3480
20010805,1119,5,3295
20010805,1401,4,1872
20010804,1116,16,5184
20010804,1101,14,7962
20010804,1121,13,5480
20010804,1401,13,4420
20010804,1301,9,1607
20010804,1304,9,2828
20010804,1113,8,4344
20010804,1406,6,3037
20010804,1111,5,1305
20010804,1105,4,1443
20010803,1406,36,13622
20010803,1101,27,14438
20010803,1107,25,12492
20010803,1303,24,11031
20010803,1301,24,12202
20010803,1115,24,6400
20010803,1106,17,5966
20010803,1119,16,8711
20010803,1118,15,6988
20010803,1102,14,4189
20010803,1104,14,5716
20010803,1108,14,4208
20010803,1401,14,7491
20010803,1304,13,5810
20010803,1110,12,5212
20010803,1116,9,5351
20010803,1121,9,9682
20010803,1403,9,2960
20010803,1402,9,5786
20010803,1113,8,2448
20010803,1112,8,5273
20010803,1105,4,953
20010802,1115,19,8481
20010802,1120,19,8929
20010802,1108,19,6436
20010802,1401,18,8442
20010802,1404,18,16576
20010802,1111,17,6326
20010802,1402,14,6554
20010802,1406,14,8973
20010802,1105,13,11236
20010802,1117,13,6569
20010802,1106,12,4430
20010802,1297,12,7759
20010802,1303,10,3357
20010802,1302,4,796
20010802,1103,4,1396
20010802,1101,2,343
20010801,1105,38,26063
20010801,1403,26,12626
20010801,1301,25,10181
20010801,1101,23,6230
20010801,1401,22,9316
20010801,1406,21,9841
20010801,1104,18,9901
20010801,1404,18,6986
20010801,1103,17,5671
20010801,1119,16,5953
20010801,1116,16,6777
20010801,1107,14,6597
20010801,1118,11,5225
20010801,1111,11,4842
20010801,1108,11,3590
20010801,1201,10,4327
20010801,1113,10,3087
20010801,1115,9,4051
20010801,1121,8,3683
20010801,1102,8,2392
20010801,1117,5,2720
20010801,1120,5,1560
20010801,1112,1,328
20010731,1101,24,8949
20010731,1406,21,10546
20010731,1402,13,8942
20010731,1403,11,2429
20010731,1111,11,3748
20010731,1110,10,5042
20010731,1103,9,6354
20010731,1115,8,1688
20010731,1105,8,5465
20010731,1107,8,5096
20010731,1119,8,4732
20010731,1102,6,2772
20010731,1117,6,4117
20010731,1121,4,1780
20010731,1118,2,916
20010731,1112,2,819
20010730,1105,39,19486
20010730,1406,29,12600
20010730,1119,17,7254
20010730,1118,17,7475
20010730,1117,15,9248
20010730,1115,14,6510
20010730,1121,12,6584
20010730,1116,11,3564
20010730,1112,9,5174
20010730,1403,9,3993
20010730,1304,9,2484
20010730,1101,9,3660
20010730,1110,8,3805
20010730,1108,8,825
20010730,1103,8,4786
20010730,1201,8,4181
20010730,1302,4,2136
20010730,1107,4,1588
20010730,1301,2,885
20010730,1111,1,444
20010729,1406,30,18371
20010729,1403,24,12234
20010729,1105,17,8813
20010729,1110,16,5792
20010729,1117,16,8015
20010729,1115,15,6975
20010729,1120,12,4015
20010729,1119,11,4792
20010729,1113,10,3297
20010729,1108,8,4579
20010729,1116,8,3967
20010729,1102,8,2872
20010729,1107,8,5110
20010729,1121,4,2804
20010728,1301,27,11318
20010728,1107,20,7777
20010728,1115,16,7760
20010728,1101,14,4529
20010728,1102,13,5316
20010728,1406,12,7744
20010728,1402,10,4600
20010728,1403,7,2175
20010728,1104,4,1720
20010727,1301,48,26410
20010727,1403,34,15509
20010727,1115,29,9981
20010727,1105,28,11044
20010727,1406,21,9742
20010727,1107,18,9127
20010727,1121,17,10040
20010727,1202,15,5175
20010727,1116,15,9461
20010727,1101,15,6421
20010727,1402,15,7774
20010727,1404,14,6513
20010727,1102,13,5293
20010727,1120,11,8205
20010727,1401,11,5073
20010727,1112,10,4040
20010727,1117,9,4262
20010727,1114,4,1609
20010727,1108,4,2051
20010727,1104,4,2541
20010727,1103,4,598
20010726,1105,26,8353
20010726,1119,18,9549
20010726,1112,14,3544
20010726,1301,11,4655
20010726,1110,10,3002
20010726,1111,9,6497
20010726,1107,9,1743
20010726,1201,8,2784
20010726,1101,8,2936
20010726,1117,7,6049
20010726,1120,6,2112
20010726,1115,6,2899
20010726,1116,5,2895
20010726,1113,2,992
20010726,1406,1,492
20010726,1108,1,496
20010726,1121,1,531
20010725,1406,19,7748
20010725,1105,18,10921
20010725,1301,18,7834
20010725,1119,18,7948
20010725,1107,12,8987
20010725,1304,9,2779
20010725,1497,9,4196
20010725,1403,8,2992
20010725,1121,6,1986
20010725,1112,6,2699
20010725,1116,4,1704
20010725,1120,4,1628
20010725,1114,4,1644
20010725,1101,4,736
20010725,1111,4,680
20010724,1105,25,10258
20010724,1301,24,8453
20010724,1111,22,9577
20010724,1401,21,8404
20010724,1119,20,12451
20010724,1101,19,8877
20010724,1104,13,4054
20010724,1402,13,6172
20010724,1107,9,3215
20010724,1406,9,5548
20010724,1110,2,495
20010723,1113,44,14029
20010723,1121,37,17229
20010723,1403,36,16032
20010723,1103,30,15533
20010723,1118,29,14689
20010723,1406,27,10314
20010723,1119,27,16983
20010723,1105,27,12888
20010723,1120,20,13471
20010723,1402,19,10053
20010723,1111,17,5885
20010723,1301,14,7470
20010723,1110,13,2371
20010723,1101,13,8333
20010723,1115,12,4779
20010723,1106,11,1111
20010723,1112,9,5265
20010723,1117,8,5619
20010723,1197,8,5405
20010723,1107,8,3151
20010723,1404,6,2468
20010723,1116,4,1794
20010723,1108,4,1428
20010723,1201,4,1693
20010722,1119,23,8737
20010722,1301,18,6254
20010722,1110,17,5264
20010722,1101,11,6729
20010722,1112,9,5694
20010722,1117,8,5347
20010722,1497,8,2556
20010722,1103,4,3186
20010721,1102,19,8087
20010721,1401,15,6041
20010721,1197,10,6626
20010721,1297,9,6349
20010721,1112,8,3389
20010721,1105,7,3108
20010721,1402,6,4628
20010721,1106,6,2679
20010721,1121,5,2631
20010721,1110,4,1166
20010721,1303,4,1860
20010721,1406,4,1526
20010721,1101,4,2401
20010721,1119,4,1430
20010721,1117,3,1920
20010721,1113,3,786
20010721,1107,3,1395
20010721,1115,1,548
20010720,1119,75,36812
20010720,1101,39,17752
20010720,1110,35,12102
20010720,1115,32,15057
20010720,1403,32,12693
20010720,1104,22,14281
20010720,1197,17,10316
20010720,1121,16,10052
20010720,1406,16,8420
20010720,1106,14,6811
20010720,1404,11,4453
20010720,1105,9,4707
20010720,1108,8,917
20010720,1117,7,1988
20010720,1102,7,2357
20010720,1103,7,4773
20010720,1497,6,2624
20010720,1116,5,2452
20010720,1304,4,1104
20010720,1401,4,1690
20010720,1301,4,941
20010720,1302,3,2197
20010720,1112,3,2085
20010720,1303,1,548
20010719,1117,25,9196
20010719,1112,25,12317
20010719,1404,23,8752
20010719,1115,23,10808
20010719,1111,16,6956
20010719,1102,16,5489
20010719,1121,16,7433
20010719,1401,12,5512
20010719,1402,12,9049
20010719,1105,10,5635
20010719,1101,9,2493
20010719,1302,8,3967
20010719,1403,4,1556
20010718,1115,24,13698
20010718,1102,19,5681
20010718,1105,17,9084
20010718,1112,13,8995
20010718,1104,13,3943
20010718,1107,12,6629
20010718,1403,10,1211
20010718,1116,9,5137
20010718,1117,9,4807
20010718,1101,8,2216
20010718,1404,7,1683
20010718,1106,4,1177
20010717,1101,13,4771
20010717,1110,13,6183
20010717,1102,12,5033
20010717,1121,11,4900
20010717,1119,10,4945
20010717,1403,9,3476
20010717,1301,9,3030
20010717,1304,8,4044
20010717,1402,6,3427
20010717,1497,6,1670
20010717,1104,4,1339
20010717,1302,4,2252
20010717,1115,4,2580
20010717,1406,4,2225
20010717,1401,3,1074
20010716,1101,45,16411
20010716,1108,23,4917
20010716,1301,13,7642
20010716,1303,12,5686
20010716,1119,11,4412
20010716,1401,10,3323
20010716,1105,10,8106
20010716,1403,10,3550
20010716,1402,8,4693
20010716,1111,5,1604
20010716,1107,4,2420
20010716,1121,4,1941
20010716,1103,2,600
20010716,1406,2,869
20010715,1115,38,19802
20010715,1105,31,19648
20010715,1301,24,6861
20010715,1121,16,4691
20010715,1119,14,8881
20010715,1111,13,10950
20010715,1101,13,2257
20010715,1106,11,4144
20010715,1107,11,5091
20010715,1102,9,4188
20010715,1116,8,5097
20010715,1401,8,2607
20010715,1120,8,5070
20010715,1103,8,4786
20010715,1112,8,3702
20010715,1406,8,3272
20010715,1108,4,1171
20010714,1402,42,15275
20010714,1101,34,12203
20010714,1119,28,9632
20010714,1115,25,21271
20010714,1111,25,10053
20010714,1406,24,9473
20010714,1105,22,11281
20010714,1121,17,5702
20010714,1401,17,8304
20010714,1403,16,4799
20010714,1102,15,6782
20010714,1303,15,8648
20010714,1110,15,3972
20010714,1302,14,7149
20010714,1107,14,9697
20010714,1497,14,3928
20010714,1117,14,4270
20010714,1108,13,5720
20010714,1112,12,5753
20010714,1106,12,4033
20010714,1301,8,4261
20010714,1197,8,3864
20010714,1304,8,4476
20010714,1104,5,2510
20010714,1120,3,1260
20010714,1103,1,327
20010713,1101,30,12768
20010713,1301,21,13765
20010713,1406,15,6948
20010713,1119,12,4691
20010713,1118,12,4152
20010713,1401,11,5264
20010713,1197,10,4284
20010713,1115,10,11206
20010713,1104,10,9286
20010713,1403,10,1178
20010713,1105,9,3734
20010713,1110,9,2826
20010713,1112,8,5043
20010713,1402,8,4321
20010713,1404,8,3212
20010713,1116,4,2305
20010713,1113,4,1456
20010713,1108,4,1553
20010713,1106,4,1161
20010712,1112,21,9583
20010712,1104,18,9161
20010712,1301,16,7223
20010712,1121,12,6750
20010712,1105,11,6028
20010712,1303,9,2811
20010712,1102,9,3420
20010712,1402,8,3688
20010712,1103,8,1110
20010712,1115,7,3262
20010712,1119,6,3252
20010712,1120,5,1395
20010712,1197,5,3079
20010712,1401,4,1841
20010712,1403,4,1295
20010712,1106,1,631
20010712,1406,1,140
20010712,1111,1,106
20010711,1301,41,15070
20010711,1406,28,15738
20010711,1403,27,9591
20010711,1101,26,11892
20010711,1105,26,9920
20010711,1404,20,6902
20010711,1115,16,7192
20010711,1110,15,4875
20010711,1121,15,5855
20010711,1112,14,3770
20010711,1107,13,3601
20010711,1119,13,4217
20010711,1303,9,5000
20010711,1116,8,4485
20010711,1113,7,2811
20010711,1120,6,4100
20010711,1202,4,2124
20010711,1106,4,1177
20010711,1104,3,2502
20010711,1117,3,1656
20010710,1406,31,15556
20010710,1119,27,13177
20010710,1105,25,10022
20010710,1404,21,6025
20010710,1104,20,7040
20010710,1101,18,10493
20010710,1403,14,7317
20010710,1121,14,5400
20010710,1111,14,8491
20010710,1113,11,4860
20010710,1301,11,5584
20010710,1102,9,3425
20010710,1115,9,6576
20010710,1112,8,4912
20010710,1402,8,4545
20010710,1401,7,1600
20010710,1203,6,2703
20010710,1116,6,2052
20010710,1107,4,1915
20010710,1106,2,564
20010710,1303,1,372
20010710,1197,1,398
20010710,1110,1,459
20010709,1121,18,7043
20010709,1401,12,5382
20010709,1406,12,5051
20010709,1297,8,2987
20010709,1404,8,4784
20010709,1111,6,2171
20010709,1102,4,1348
20010708,1101,11,4400
20010708,1301,7,3570
20010708,1119,6,1549
20010708,1115,4,2200
20010708,1302,4,1972
20010707,1402,25,19073
20010707,1403,22,8487
20010707,1406,19,7465
20010707,1105,18,7190
20010707,1301,17,7286
20010707,1106,17,7610
20010707,1120,17,8308
20010707,1119,14,4830
20010707,1102,13,5909
20010707,1107,13,4490
20010707,1302,12,2388
20010707,1101,9,3675
20010707,1404,8,5232
20010707,1111,8,4129
20010707,1103,8,2346
20010707,1121,6,2272
20010707,1110,4,1441
20010707,1104,4,1872
20010707,1401,4,1962
20010707,1112,2,1038
20010706,1301,29,13345
20010706,1110,26,7177
20010706,1111,26,8969
20010706,1115,22,16776
20010706,1103,20,15381
20010706,1104,18,9312
20010706,1119,18,7309
20010706,1116,12,5784
20010706,1402,10,4518
20010706,1106,8,2289
20010706,1404,7,2404
20010706,1118,4,2026
20010706,1406,4,2300
20010706,1102,4,1348
20010706,1105,4,2269
20010705,1197,14,7772
20010705,1401,13,5804
20010705,1102,4,1356
20010705,1111,1,375
20010704,1119,25,11556
20010704,1111,13,5708
20010704,1101,9,3992
20010704,1112,8,3398
20010704,1301,6,3538
20010704,1102,6,4079
20010704,1104,5,3315
20010704,1107,5,2153
20010704,1118,1,231
20010704,1406,1,823
20010703,1101,13,5358
20010703,1105,12,5468
20010703,1103,9,2047
20010703,1401,9,4485
20010703,1110,8,4650
20010703,1115,8,1752
20010703,1113,7,3135
20010703,1119,7,2797
20010703,1107,5,1885
20010703,1301,5,2622
20010703,1104,2,836
20010703,1406,2,1338
20010702,1301,41,14559
20010702,1118,29,10120
20010702,1101,17,8624
20010702,1110,14,7020
20010702,1119,13,4313
20010702,1121,11,4124
20010702,1120,9,6317
20010702,1108,8,2502
20010702,1113,5,2260
20010702,1104,4,2000
20010702,1107,4,2420
20010702,1103,4,598
20010702,1201,4,2340
20010702,1304,4,2681
20010702,1404,1,388
20010702,1117,1,250
20010701,1301,63,35937
20010701,1119,37,14219
20010701,1108,28,9030
20010701,1406,26,14525
20010701,1105,25,14099
20010701,1403,24,12115
20010701,1101,16,8372
20010701,1107,16,7610
20010701,1497,16,4073
20010701,1115,16,5374
20010701,1117,15,4736
20010701,1401,15,4742
20010701,1402,13,8209
20010701,1106,12,5005
20010701,1111,11,7072
20010701,1116,10,5575
20010701,1113,8,3460
20010701,1110,8,3386
20010701,1102,7,2891
20010701,1103,4,932
20010630,1401,13,7609
20010630,1406,13,7860
20010630,1108,11,4595
20010629,1112,28,14679
20010629,1404,27,18661
20010629,1301,24,13243
20010629,1111,17,6383
20010629,1110,16,4005
20010629,1117,14,8042
20010629,1403,13,4835
20010629,1116,10,5289
20010629,1115,9,3458
20010629,1101,9,4893
20010629,1197,9,5440
20010629,1121,6,2772
20010629,1401,4,2337
20010629,1107,2,1358
20010629,1402,1,658
20010629,1120,1,264
20010628,1301,34,9970
20010628,1107,17,10660
20010628,1304,15,6871
20010628,1102,13,4271
20010628,1401,12,3468
20010628,1402,12,5725
20010628,1104,9,5564
20010628,1105,9,6576
20010628,1101,8,2523
20010628,1403,7,2569
20010628,1119,6,2630
20010628,1116,5,3535
20010628,1106,4,1161
20010628,1121,3,957
20010628,1117,1,448
20010628,1103,1,349
20010628,1406,1,823
20010627,1301,44,20543
20010627,1406,37,18674
20010627,1115,29,36690
20010627,1112,19,6412
20010627,1403,15,6047
20010627,1104,13,4033
20010627,1106,12,5885
20010627,1119,12,5990
20010627,1120,12,3714
20010627,1121,11,5384
20010627,1102,8,8119
20010627,1101,7,4769
20010627,1402,6,3455
20010627,1117,4,1178
20010626,1121,22,8977
20010626,1105,18,9899
20010626,1402,18,6909
20010626,1107,14,4082
20010626,1301,11,5022
20010626,1406,11,4070
20010626,1401,8,4461
20010626,1118,3,1599
20010626,1116,1,329
20010626,1111,1,622
20010626,1403,1,355
20010625,1121,21,9585
20010625,1102,18,6915
20010625,1301,15,10210
20010625,1118,14,8558
20010625,1103,12,3276
20010625,1402,12,5118
20010625,1401,9,1902
20010625,1404,5,3596
20010625,1406,5,1980
20010625,1302,4,2170
20010625,1116,4,2011
20010625,1202,1,531
20010625,1119,1,569
20010625,1106,1,440
20010625,1101,1,594
20010624,1404,15,6252
20010624,1301,12,6409
20010624,1118,9,4411
20010624,1120,8,6753
20010624,1121,8,4334
20010624,1401,8,4111
20010623,1105,16,5899
20010623,1406,11,6567
20010623,1401,10,4814
20010623,1108,9,2873
20010623,1104,6,2665
20010622,1121,25,11218
20010622,1110,23,5082
20010622,1402,22,9573
20010622,1119,21,14091
20010622,1115,21,6034
20010622,1401,20,10620
20010622,1108,18,4986
20010622,1120,17,9975
20010622,1406,14,6549
20010622,1403,12,2717
20010622,1102,10,3091
20010622,1105,10,7698
20010622,1104,9,3199
20010622,1116,8,2760
20010622,1103,8,1202
20010622,1301,6,2550
20010622,1118,4,554
20010622,1113,4,1403
20010622,1101,2,848
20010622,1111,2,770
20010622,1497,2,1082
20010621,1302,20,10200
20010621,1101,17,8566
20010621,1403,17,10908
20010621,1104,14,7232
20010621,1301,12,2856
20010621,1402,10,1670
20010621,1497,10,2010
20010621,1406,8,2846
20010621,1119,7,5049
20010621,1118,7,2422
20010621,1304,4,2076
20010621,1110,4,1282
20010621,1102,2,760
20010621,1121,2,518
20010620,1301,45,22350
20010620,1406,39,15148
20010620,1105,27,15980
20010620,1101,25,7608
20010620,1117,19,10765
20010620,1115,19,17733
20010620,1402,9,4400
20010620,1401,8,5177
20010620,1110,5,2075
20010620,1403,5,2025
20010620,1111,4,1570
20010620,1108,4,2051
20010620,1104,4,3250
20010620,1103,4,2432
20010620,1116,1,312
20010620,1497,1,223
20010619,1406,46,16052
20010619,1101,31,10655
20010619,1117,29,13197
20010619,1116,24,10976
20010619,1108,17,3612
20010619,1107,16,8477
20010619,1110,16,8910
20010619,1111,13,3383
20010619,1121,12,3480
20010619,1301,12,4559
20010619,1113,10,2975
20010619,1106,10,4005
20010619,1297,9,3342
20010619,1304,8,4424
20010619,1120,8,3256
20010619,1302,8,3900
20010619,1112,7,3988
20010619,1403,6,2232
20010619,1118,4,1930
20010619,1401,4,2264
20010619,1104,4,1221
20010619,1102,2,653
20010618,1301,47,20863
20010618,1101,44,16832
20010618,1401,28,9094
20010618,1121,26,14065
20010618,1110,22,6642
20010618,1403,22,8160
20010618,1406,20,8585
20010618,1103,19,4665
20010618,1107,17,6651
20010618,1116,17,5865
20010618,1113,16,7553
20010618,1105,13,7440
20010618,1117,12,6601
20010618,1104,11,3815
20010618,1112,10,5467
20010618,1118,9,4044
20010618,1119,8,2841
20010618,1404,8,6039
20010618,1114,8,2496
20010618,1303,6,2496
20010618,1115,4,2507
20010618,1304,4,1274
20010618,1102,4,1298
20010618,1106,4,1870
20010618,1111,4,1386
20010618,1302,1,483
20010617,1301,20,7829
20010617,1101,6,3406
20010617,1119,4,516
20010616,1121,44,21611
20010616,1403,30,8671
20010616,1301,20,8682
20010616,1101,20,5136
20010616,1108,13,2908
20010616,1116,11,6231
20010616,1110,10,4358
20010616,1402,10,4336
20010616,1112,10,6463
20010616,1107,9,5089
20010616,1105,9,4388
20010616,1113,8,3040
20010616,1406,8,3177
20010616,1103,7,954
20010616,1115,6,1104
20010616,1111,6,2081
20010616,1404,4,1180
20010616,1104,4,2403
20010616,1497,4,804
20010616,1114,1,411
20010616,1401,1,259
20010615,1406,23,12917
20010615,1101,17,9229
20010615,1107,14,6028
20010615,1302,13,7164
20010615,1103,12,3276
20010615,1121,12,7086
20010615,1401,11,6267
20010615,1402,9,3959
20010615,1111,9,4371
20010615,1112,8,4550
20010615,1102,4,1196
20010615,1403,4,1131
20010614,1401,23,8559
20010614,1101,19,9602
20010614,1301,14,5472
20010614,1115,13,2030
20010614,1104,13,5277
20010614,1105,11,5023
20010614,1119,8,2154
20010614,1108,8,2405
20010614,1302,7,3356
20010614,1303,4,1777
20010614,1406,4,1686
20010613,1111,34,12674
20010613,1302,19,9329
20010613,1121,18,9945
20010613,1403,14,5715
20010613,1104,11,5214
20010613,1401,11,3158
20010613,1301,9,5234
20010613,1112,8,3510
20010613,1105,4,1930
20010613,1101,4,1952
20010613,1119,4,1579
20010612,1101,44,17173
20010612,1102,29,14388
20010612,1301,29,12133
20010612,1108,20,6906
20010612,1401,15,7069
20010612,1406,15,7108
20010612,1106,14,4960
20010612,1104,13,9300
20010612,1404,12,5194
20010612,1119,12,5138
20010612,1403,11,3582
20010612,1113,11,4180
20010612,1105,10,5542
20010612,1304,9,5456
20010612,1197,8,3951
20010612,1121,7,2376
20010612,1303,4,1343
20010612,1103,4,2875
20010612,1112,2,558
20010612,1110,2,956
20010611,1103,13,3549
20010611,1121,12,5909
20010611,1102,12,7240
20010611,1111,9,3355
20010611,1105,9,4858
20010611,1301,9,2142
20010611,1118,4,1998
20010610,1121,10,4537
20010610,1406,8,4958
20010610,1108,5,1685
20010610,1119,1,209
20010610,1404,1,290
20010610,1101,1,502
20010609,1106,35,12957
20010609,1101,29,11715
20010609,1406,24,12394
20010609,1301,22,11069
20010609,1117,17,8414
20010609,1115,17,9910
20010609,1121,16,5296
20010609,1119,13,4418
20010609,1201,13,4983
20010609,1112,13,4434
20010609,1102,12,3943
20010609,1108,12,5533
20010609,1110,12,6522
20010609,1105,11,4600
20010609,1118,10,6430
20010609,1104,10,3690
20010609,1403,10,4419
20010609,1120,9,5134
20010609,1401,8,1544
20010609,1107,4,2036
20010608,1119,28,16654
20010608,1402,18,7992
20010608,1101,16,6627
20010608,1401,12,5536
20010608,1403,8,3836
20010608,1406,4,1600
20010608,1121,4,1849
20010607,1404,22,8712
20010607,1304,18,8715
20010607,1402,16,9700
20010607,1101,14,3361
20010607,1119,14,6163
20010607,1111,14,6776
20010607,1105,12,5774
20010607,1406,9,3481
20010607,1497,8,1860
20010607,1106,8,3980
20010607,1302,8,4359
20010607,1121,7,3101
20010607,1115,6,2790
20010607,1117,4,1785
20010607,1403,4,950
20010607,1301,4,2527
20010607,1118,4,554
20010607,1112,4,1986
20010606,1402,27,12656
20010606,1301,25,15287
20010606,1105,25,13154
20010606,1118,20,6652
20010606,1119,18,6729
20010606,1108,15,5154
20010606,1406,15,5375
20010606,1110,13,4225
20010606,1112,12,6461
20010606,1116,10,5575
20010606,1107,9,3900
20010606,1103,9,2716
20010606,1104,8,3379
20010606,1403,8,4300
20010606,1302,4,1972
20010606,1111,4,1417
20010605,1115,16,4240
20010605,1101,8,3196
20010605,1401,8,2745
20010605,1403,8,3836
20010605,1406,6,2934
20010604,1110,52,14734
20010604,1403,26,12111
20010604,1115,24,19438
20010604,1119,20,8351
20010604,1111,15,5355
20010604,1106,14,7815
20010604,1104,13,7214
20010604,1121,12,4609
20010604,1101,10,2735
20010604,1112,9,4626
20010604,1301,9,4570
20010604,1103,9,5215
20010604,1116,8,4914
20010604,1406,8,4413
20010604,1107,8,3183
20010604,1118,6,2692
20010604,1108,4,2069
20010604,1105,4,2696
20010603,1101,25,7545
20010603,1403,23,9276
20010603,1121,20,12023
20010603,1197,20,10546
20010603,1301,18,9692
20010603,1105,17,11502
20010603,1112,17,7698
20010603,1113,15,6931
20010603,1102,14,4288
20010603,1303,12,4177
20010603,1115,11,6653
20010603,1120,9,1931
20010603,1406,9,2316
20010603,1119,8,4513
20010603,1107,8,3134
20010603,1302,4,2033
20010603,1402,2,1452
20010603,1401,1,526
20010602,1111,19,8850
20010602,1403,12,4311
20010602,1112,9,3650
20010602,1117,8,2258
20010602,1118,7,3560
20010602,1406,4,938
20010602,1110,4,1282
20010601,1107,30,12834
20010601,1121,27,9193
20010601,1106,23,11791
20010601,1110,20,10717
20010601,1404,17,3909
20010601,1112,16,6017
20010601,1105,12,5491
20010601,1403,9,4032
20010601,1197,8,5932
20010601,1301,7,1204
20010601,1115,4,2493
20010601,1113,4,1757
20010601,1401,4,1481
20010601,1101,4,728
20010601,1402,4,2768
20010601,1108,4,1221
20010531,1406,34,13444
20010531,1101,33,10534
20010531,1105,24,8822
20010531,1102,16,6058
20010531,1116,12,7500
20010531,1107,11,4265
20010531,1304,11,7051
20010531,1120,11,4342
20010531,1108,10,2537
20010531,1112,10,4563
20010531,1104,9,3915
20010531,1115,9,5146
20010531,1297,6,2130
20010531,1301,6,2629
20010531,1404,4,3003
20010531,1121,4,1900
20010531,1113,4,2892
20010531,1497,4,892
20010531,1110,4,2067
20010531,1403,4,512
20010530,1111,32,12715
20010530,1105,23,13946
20010530,1101,17,5406
20010530,1403,17,4040
20010530,1116,14,5439
20010530,1114,13,5343
20010530,1112,11,7319
20010530,1406,10,4714
20010530,1104,9,5338
20010530,1108,8,3444
20010530,1113,8,2259
20010530,1115,8,2939
20010530,1303,8,3320
20010530,1118,8,4254
20010530,1102,7,3043
20010530,1401,4,1056
20010530,1402,4,2768
20010530,1404,4,2671
20010530,1301,4,941
20010529,1107,16,7559
20010529,1104,9,4633
20010529,1301,8,3414
20010529,1121,6,2016
20010529,1304,6,1182
20010529,1406,5,1660
20010529,1120,4,1628
20010529,1108,4,656
20010529,1303,3,952
20010529,1119,2,742
20010529,1101,2,987
20010529,1106,2,1187
20010529,1103,1,223
20010528,1403,22,7931
20010528,1402,15,6658
20010528,1101,12,5735
20010528,1120,11,6866
20010528,1119,9,3459
20010528,1406,8,2611
20010528,1301,6,2040
20010528,1105,4,1726
20010528,1114,4,1248
20010528,1116,4,1380
20010528,1102,4,1678
20010528,1112,1,328
20010527,1102,16,6632
20010527,1111,12,5182
20010527,1403,6,1608
20010527,1302,6,2729
20010527,1401,6,2148
20010527,1406,5,3090
20010527,1116,4,2003
20010527,1101,3,1404
20010527,1301,1,699
20010526,1406,8,3984
20010526,1113,6,1927
20010526,1107,5,2130
20010526,1301,3,1434
20010526,1404,3,1192
20010526,1112,2,725
20010526,1101,2,1028
20010526,1121,1,566
20010526,1102,1,260
20010526,1402,1,473
20010526,1403,1,112
20010526,1105,1,536
20010525,1406,43,17364
20010525,1112,13,4498
20010525,1118,11,2189
20010525,1121,9,3663
20010525,1403,9,1116
20010525,1102,8,2397
20010525,1302,4,2764
20010525,1104,4,2176
20010523,1102,29,10555
20010523,1119,27,10183
20010523,1101,23,6413
20010523,1115,23,15011
20010523,1401,19,6845
20010523,1111,13,7798
20010523,1404,10,2970
20010523,1104,10,7738
20010523,1121,8,3480
20010523,1406,8,3224
20010523,1116,4,1904
20010523,1107,4,2007
20010523,1402,4,2531
20010522,1403,46,16382
20010522,1112,40,17427
20010522,1406,24,10790
20010522,1101,20,8042
20010522,1115,16,5656
20010522,1119,13,4485
20010522,1116,9,5030
20010522,1118,5,1342
20010521,1119,37,17959
20010521,1403,36,15796
20010521,1301,31,13661
20010521,1406,23,9806
20010521,1108,22,7893
20010521,1401,22,5401
20010521,1101,18,4229
20010521,1404,16,5504
20010521,1112,16,9218
20010521,1115,15,4434
20010521,1105,13,6055
20010521,1120,13,7693
20010521,1110,11,3418
20010521,1304,9,6231
20010521,1116,8,3340
20010521,1104,8,2393
20010521,1113,4,1187
20010521,1107,4,616
20010521,1106,4,1625
20010520,1101,53,21320
20010520,1119,43,18615
20010520,1301,33,13748
20010520,1406,23,7192
20010520,1106,18,8491
20010520,1107,18,5973
20010520,1115,18,7336
20010520,1121,17,7012
20010520,1401,15,7834
20010520,1402,12,5096
20010520,1118,9,3835
20010520,1102,8,2933
20010520,1302,8,4142
20010520,1201,8,4680
20010520,1497,8,4328
20010520,1120,8,2427
20010520,1113,7,2660
20010520,1103,5,726
20010520,1117,5,3384
20010520,1105,4,2111
20010520,1111,4,964
20010520,1110,4,1697
20010520,1404,4,1676
20010520,1403,4,1508
20010519,1105,28,12654
20010519,1104,18,5598
20010519,1301,12,4499
20010519,1121,9,4506
20010519,1118,8,3292
20010519,1401,8,2618
20010519,1110,7,1113
20010519,1115,4,554
20010518,1106,33,10350
20010518,1403,23,8775
20010518,1121,23,9477
20010518,1406,21,7077
20010518,1114,18,3384
20010518,1104,17,5751
20010518,1119,14,6104
20010518,1117,13,8018
20010518,1401,12,4292
20010518,1118,11,4169
20010518,1101,9,2827
20010518,1111,7,1344
20010518,1303,7,3902
20010518,1105,6,2674
20010518,1110,5,2525
20010518,1301,5,2655
20010518,1116,4,2586
20010518,1404,4,969
20010518,1120,1,520
20010518,1107,1,446
20010517,1113,26,10945
20010517,1301,23,8896
20010517,1406,15,7335
20010517,1116,13,4485
20010517,1119,11,4649
20010517,1115,11,4099
20010517,1104,8,3993
20010517,1117,8,2160
20010517,1121,7,2562
20010517,1118,4,1768
20010517,1403,4,1892
20010517,1103,3,993
20010517,1102,2,826
20010517,1110,2,570
20010517,1101,2,718
20010516,1403,21,6652
20010516,1102,20,7217
20010516,1119,19,5909
20010516,1101,14,5391
20010516,1104,12,8272
20010516,1406,11,6797
20010516,1497,9,1809
20010516,1404,9,2425
20010516,1112,8,3362
20010516,1301,4,2088
20010516,1116,4,1868
20010516,1115,4,1384
20010515,1105,29,18589
20010515,1117,23,7315
20010515,1104,22,9918
20010515,1403,21,6810
20010515,1118,17,6225
20010515,1107,17,5498
20010515,1119,16,4806
20010515,1404,16,5615
20010515,1401,14,5510
20010515,1115,11,4193
20010515,1101,10,5400
20010515,1304,9,3668
20010515,1106,9,3796
20010515,1110,8,1857
20010515,1103,8,4584
20010515,1102,8,6595
20010515,1297,8,4912
20010515,1116,6,3270
20010515,1113,6,2297
20010515,1120,5,2600
20010515,1112,5,3345
20010515,1406,5,745
20010515,1301,4,2088
20010515,1121,4,2002
20010515,1303,1,277
20010514,1121,36,13549
20010514,1104,34,15528
20010514,1406,30,16491
20010514,1118,19,5639
20010514,1403,18,4613
20010514,1111,17,5558
20010514,1102,14,6456
20010514,1402,12,6064
20010514,1301,12,6861
20010514,1105,10,4668
20010514,1108,9,3997
20010514,1107,8,2959
20010514,1112,8,4912
20010514,1119,8,2542
20010514,1101,7,3580
20010514,1401,7,2636
20010514,1201,4,1366
20010514,1103,4,1172
20010514,1113,4,1292
20010514,1404,1,238
20010512,1120,14,4074
20010512,1104,13,4946
20010512,1304,8,3480
20010512,1403,5,1580
20010512,1105,5,3022
20010512,1113,4,1436
20010512,1406,4,1228
20010511,1107,35,20488
20010511,1301,15,6627
20010511,1404,12,6215
20010511,1115,11,11978
20010511,1104,10,2651
20010511,1105,10,3450
20010511,1401,10,4095
20010511,1303,4,1777
20010511,1406,1,618
20010511,1110,1,271
20010510,1197,13,6734
20010510,1201,10,3568
20010510,1404,9,3510
20010510,1401,6,1554
20010510,1301,2,1202
20010510,1119,2,1134
20010509,1107,38,16035
20010509,1105,32,16729
20010509,1101,30,9154
20010509,1104,24,10141
20010509,1108,21,1911
20010509,1120,17,6248
20010509,1119,15,7669
20010509,1116,14,5676
20010509,1118,14,5600
20010509,1121,13,4485
20010509,1404,12,6356
20010509,1406,11,4369
20010509,1113,10,3105
20010509,1112,9,4028
20010509,1497,8,1608
20010509,1304,8,3136
20010509,1102,6,2483
20010509,1115,6,804
20010509,1117,4,1708
20010509,1110,1,470
20010509,1301,1,630
20010509,1103,1,293
20010509,1111,1,461
20010508,1301,24,6480
20010508,1104,22,8192
20010508,1101,19,9671
20010508,1401,17,8435
20010508,1111,16,7104
20010508,1110,16,7268
20010508,1297,14,8596
20010508,1197,12,6574
20010508,1119,11,6273
20010508,1403,9,2810
20010508,1121,7,2326
20010508,1113,6,1671
20010508,1402,4,2404
20010508,1115,4,2366
20010508,1116,3,1127
20010507,1121,35,13646
20010507,1301,24,13283
20010507,1107,23,8294
20010507,1105,21,9044
20010507,1119,20,6140
20010507,1115,18,8527
20010507,1103,16,8355
20010507,1110,15,8189
20010507,1302,8,5528
20010507,1401,7,2625
20010507,1101,7,3461
20010507,1104,5,1536
20010507,1112,4,1972
20010507,1108,4,2069
20010507,1402,1,409
20010507,1403,1,457
20010506,1401,37,15474
20010506,1101,31,11770
20010506,1119,27,9543
20010506,1105,23,16957
20010506,1301,18,6137
20010506,1304,14,7452
20010506,1121,13,6071
20010506,1404,11,2508
20010506,1107,11,4481
20010506,1102,10,2981
20010506,1303,9,2932
20010506,1106,7,1847
20010506,1116,4,2328
20010506,1497,4,892
20010506,1406,4,1923
20010506,1120,4,1129
20010505,1406,34,13297
20010505,1104,31,15725
20010505,1304,26,10608
20010505,1105,20,8207
20010505,1121,17,7342
20010505,1301,16,7135
20010505,1111,16,6346
20010505,1108,14,4946
20010505,1102,12,4154
20010505,1113,11,3875
20010505,1120,10,6264
20010505,1101,10,3250
20010505,1201,8,2784
20010505,1401,8,2727
20010505,1303,7,2351
20010505,1106,5,2005
20010505,1403,4,1356
20010505,1110,4,1448
20010504,1115,25,18070
20010504,1111,24,7096
20010504,1121,21,8486
20010504,1107,13,4706
20010504,1120,13,4056
20010504,1105,12,8267
20010504,1303,10,2770
20010504,1101,9,5484
20010504,1401,9,3058
20010504,1113,8,2103
20010504,1117,8,3497
20010504,1119,8,2919
20010504,1106,8,4433
20010504,1108,8,2930
20010504,1301,7,2098
20010504,1406,4,1768
20010503,1111,14,4998
20010503,1304,4,1968
20010502,1101,37,13288
20010502,1105,21,10090
20010502,1404,21,7394
20010502,1119,19,8850
20010502,1115,19,6328
20010502,1104,19,7728
20010502,1121,18,6469
20010502,1113,18,6127
20010502,1110,15,4692
20010502,1120,13,2850
20010502,1111,12,5172
20010502,1118,12,1756
20010502,1106,12,4665
20010502,1301,11,3504
20010502,1197,8,3114
20010502,1112,8,5522
20010502,1402,7,3165
20010502,1403,4,1188
20010502,1108,1,91
20010502,1102,1,292
20010501,1101,33,13170
20010501,1115,33,12462
20010501,1403,22,9180
20010501,1406,17,11363
20010501,1107,14,5446
20010501,1108,13,6574
20010501,1302,13,6409
20010501,1402,13,4873
20010501,1401,13,5902
20010501,1301,12,3681
20010501,1304,11,5412
20010501,1104,10,4180
20010501,1110,9,2112
20010501,1105,8,5472
20010501,1120,8,3133
20010501,1103,7,3752
20010501,1113,6,1837
20010501,1497,6,3246
20010501,1119,4,1412
20010430,1301,26,13655
20010430,1105,25,12121
20010430,1101,22,5343
20010430,1117,21,9559
20010430,1116,15,7928
20010430,1120,13,3293
20010430,1110,13,7415
20010430,1107,12,4248
20010430,1403,8,2596
20010430,1112,8,4432
20010430,1402,8,3176
20010430,1197,8,4367
20010430,1406,8,3286
20010430,1401,7,2398
20010430,1303,4,1555
20010430,1106,4,1465
20010430,1104,4,2176
20010430,1113,4,1740
20010428,1101,15,9120
20010428,1104,12,5140
20010428,1113,11,3806
20010428,1110,10,2960
20010428,1103,8,5093
20010428,1106,8,2833
20010428,1112,7,3384
20010427,1402,30,11953
20010427,1301,29,15887
20010427,1104,20,8893
20010427,1403,16,5199
20010427,1116,16,7239
20010427,1119,15,5628
20010427,1401,10,2315
20010427,1115,8,8324
20010427,1106,8,1967
20010427,1197,8,3864
20010427,1101,8,3233
20010427,1107,7,2498
20010427,1121,5,795
20010427,1406,5,1862
20010427,1302,5,1920
20010427,1105,4,1968
20010427,1304,1,491
20010427,1120,1,407
20010426,1401,19,4765
20010426,1301,15,5613
20010426,1105,12,2652
20010426,1302,12,8292
20010426,1403,10,5430
20010425,1403,28,8999
20010425,1115,27,9083
20010425,1101,24,9149
20010425,1108,19,6720
20010425,1111,19,7235
20010425,1102,19,6603
20010425,1404,18,10912
20010425,1103,18,5958
20010425,1406,13,4430
20010425,1120,9,2691
20010425,1121,8,2760
20010425,1119,6,2420
20010425,1113,6,1938
20010425,1301,4,2218
20010425,1401,4,1871
20010425,1112,4,1048
20010424,1111,20,5300
20010424,1401,15,7890
20010424,1108,11,2845
20010424,1119,9,3119
20010424,1301,9,4507
20010424,1115,8,1939
20010424,1121,8,2560
20010424,1101,8,3768
20010424,1403,8,992
20010424,1107,7,1960
20010424,1402,4,436
20010424,1106,4,1625
20010423,1121,34,12033
20010423,1301,33,13686
20010423,1101,33,9794
20010423,1118,23,7681
20010423,1102,22,9930
20010423,1115,22,4536
20010423,1105,17,5853
20010423,1119,17,6244
20010423,1403,14,3752
20010423,1103,14,2482
20010423,1113,13,5571
20010423,1112,12,2930
20010423,1111,9,3024
20010423,1107,9,4779
20010423,1406,8,4190
20010423,1404,6,1689
20010423,1110,4,1282
20010423,1401,4,1728
20010423,1303,4,2408
20010423,1116,4,1868
20010422,1119,12,6300
20010422,1110,11,2724
20010422,1104,11,6832
20010422,1301,8,3197
20010422,1107,7,1960
20010422,1103,7,1099
20010422,1101,6,1640
20010422,1406,4,1600
20010422,1116,1,545
20010422,1304,1,392
20010422,1404,1,402
20010421,1301,38,13926
20010421,1115,32,14773
20010421,1401,16,7730
20010421,1406,15,7675
20010421,1497,15,8115
20010421,1403,10,2440
20010421,1402,8,3627
20010421,1404,8,3104
20010421,1112,8,2838
20010421,1302,4,2764
20010421,1111,4,2551
20010421,1108,4,2400
20010420,1101,40,14594
20010420,1301,16,7516
20010420,1111,14,5285
20010420,1401,11,3720
20010420,1103,10,1280
20010420,1121,10,3655
20010420,1304,8,4141
20010420,1106,7,4417
20010420,1116,7,3503
20010420,1107,5,2940
20010420,1403,4,1188
20010420,1406,4,2832
20010420,1105,4,2284
20010420,1115,2,971
20010419,1107,22,10547
20010419,1406,16,8753
20010419,1113,8,2368
20010419,1301,8,4897
20010419,1115,6,3341
20010419,1402,6,2808
20010419,1304,4,2177
20010419,1101,1,548
20010418,1101,41,13458
20010418,1107,28,16380
20010418,1406,22,10282
20010418,1401,18,6509
20010418,1301,17,5220
20010418,1403,16,6631
20010418,1102,15,4852
20010418,1121,14,3934
20010418,1105,12,5966
20010418,1118,11,4271
20010418,1404,10,3880
20010418,1117,9,3925
20010418,1115,9,3879
20010418,1108,8,2825
20010418,1119,4,516
20010418,1303,4,1592
20010418,1112,4,1972
20010418,1106,4,1378
20010417,1301,38,12043
20010417,1406,34,12179
20010417,1110,28,8801
20010417,1101,20,7817
20010417,1107,18,8124
20010417,1113,16,4736
20010417,1302,14,7098
20010417,1105,12,4764
20010417,1103,8,3344
20010417,1497,8,4328
20010417,1120,7,1848
20010417,1111,7,2499
20010417,1303,6,2388
20010417,1121,6,2596
20010417,1403,2,618
20010417,1401,2,280
20010416,1115,14,3623
20010416,1101,13,4691
20010416,1406,10,3139
20010416,1105,9,3433
20010416,1497,9,1919
20010416,1112,8,2624
20010416,1104,8,3344
20010416,1116,8,2387
20010416,1107,4,1764
20010416,1403,4,1264
20010416,1301,1,510
20010416,1111,1,249
20010415,1406,72,28985
20010415,1101,44,20098
20010415,1402,22,8106
20010415,1107,19,10808
20010415,1120,13,5408
20010415,1117,12,5901
20010415,1111,10,3361
20010415,1108,9,3986
20010415,1121,9,2592
20010415,1102,9,4236
20010415,1115,8,3847
20010415,1118,8,1592
20010415,1403,8,2898
20010415,1302,8,3934
20010415,1105,8,2951
20010415,1301,4,2069
20010415,1103,4,1672
20010414,1116,15,5006
20010414,1102,14,5408
20010414,1115,9,3879
20010414,1402,8,2784
20010414,1301,8,3918
20010414,1104,8,2600
20010414,1107,6,1476
20010414,1404,6,3603
20010414,1118,4,2132
20010414,1403,4,1420
20010413,1102,25,7656
20010413,1401,21,7414
20010413,1301,19,7642
20010413,1113,14,3651
20010413,1107,11,4854
20010413,1111,11,3814
20010413,1403,8,3312
20010413,1115,8,4290
20010413,1105,8,5472
20010413,1302,7,3353
20010413,1402,4,1915
20010413,1110,4,2024
20010412,1101,16,7248
20010412,1120,14,5780
20010412,1116,12,4083
20010412,1119,12,6120
20010412,1303,11,6039
20010412,1301,9,4763
20010412,1103,7,1911
20010412,1110,3,962
20010412,1302,3,2197
20010411,1105,15,5196
20010411,1118,12,6086
20010411,1102,8,2624
20010411,1112,4,1560
20010411,1121,4,1083
20010410,1115,15,8333
20010410,1401,14,3029
20010410,1108,14,4606
20010410,1105,13,5200
20010410,1403,11,3085
20010410,1107,9,3413
20010410,1117,6,1500
20010410,1116,5,1025
20010410,1119,4,1330
20010410,1101,4,681
20010409,1105,28,14983
20010409,1112,19,7608
20010409,1121,19,7970
20010409,1304,13,7065
20010409,1103,12,1536
20010409,1111,10,1487
20010409,1102,9,2691
20010409,1101,6,948
20010409,1402,6,2422
20010409,1106,5,2450
20010409,1116,4,1260
20010409,1303,1,398
20010409,1110,1,478
20010409,1406,1,268
20010408,1101,10,2810
20010408,1401,8,2072
20010408,1119,6,3201
20010408,1404,6,1860
20010408,1115,4,2298
20010408,1113,2,592
20010408,1403,2,588
20010408,1105,2,707
20010407,1406,32,16528
20010407,1102,29,14278
20010407,1119,17,5078
20010407,1111,16,4964
20010407,1110,14,4286
20010407,1115,8,4152
20010407,1107,8,3016
20010407,1120,7,3057
20010407,1402,7,3194
20010407,1301,6,1683
20010407,1302,6,2958
20010407,1117,5,2210
20010407,1497,4,2164
20010406,1301,53,21172
20010406,1101,23,9667
20010406,1105,23,11284
20010406,1119,21,8361
20010406,1112,14,6126
20010406,1115,14,6703
20010406,1113,13,4727
20010406,1121,11,5440
20010406,1104,9,3799
20010406,1401,5,2100
20010406,1111,4,912
20010406,1102,4,3006
20010406,1497,4,892
20010405,1110,32,15320
20010405,1108,31,11638
20010405,1403,24,9418
20010405,1119,22,8778
20010405,1116,21,8019
20010405,1115,20,9818
20010405,1406,20,10095
20010405,1105,17,8084
20010405,1120,16,6478
20010405,1401,16,4689
20010405,1106,14,7700
20010405,1101,12,5388
20010405,1121,11,5152
20010405,1104,10,3540
20010405,1112,8,2028
20010405,1111,4,2364
20010404,1406,33,13980
20010404,1403,30,12535
20010404,1301,27,11030
20010404,1104,16,6594
20010404,1108,15,5034
20010404,1105,15,6495
20010404,1113,12,2100
20010404,1118,11,2937
20010404,1197,10,4260
20010404,1115,9,3281
20010404,1116,9,3969
20010404,1102,4,1312
20010402,1110,20,8855
20010402,1406,16,4521
20010402,1403,11,3496
20010402,1107,9,4626
20010402,1111,9,2961
20010402,1112,9,3671
20010402,1101,5,1815
20010402,1106,4,2269
20010402,1118,4,2132
20010401,1403,21,7659
20010401,1406,12,6992
20010401,1108,8,3553
20010401,1107,6,2334
20010401,1106,4,2524
20010331,1101,26,6997
20010331,1103,22,9616
20010331,1301,20,7899
20010331,1113,15,7042
20010331,1107,14,9208
20010331,1119,14,5090
20010331,1102,14,5614
20010331,1112,13,4264
20010331,1104,8,3144
20010331,1106,8,2248
20010331,1403,7,2444
20010331,1117,4,1712
20010331,1401,4,840
20010331,1404,3,870
20010331,1406,3,921
20010331,1115,3,1101
20010330,1103,14,1792
20010330,1102,12,5468
20010330,1404,12,5873
20010330,1115,12,7898
20010330,1301,10,4167
20010330,1402,10,4982
20010330,1112,8,5356
20010330,1406,4,2453
20010330,1119,2,242
20010330,1401,2,874
20010330,1110,2,640
20010329,1107,20,7816
20010329,1403,16,5752
20010329,1301,14,4480
20010329,1111,10,5430
20010329,1121,9,4998
20010329,1304,8,4435
20010329,1402,8,3112
20010329,1106,2,513
20010329,1105,2,690
20010328,1406,24,7553
20010328,1301,12,6264
20010328,1197,8,3864
20010328,1404,8,3104
20010328,1297,6,3684
20010328,1119,4,1074
20010328,1101,4,1527
20010327,1112,28,16205
20010327,1103,24,10260
20010327,1301,18,8202
20010327,1406,17,6167
20010327,1101,13,6328
20010327,1104,12,6765
20010327,1110,12,3930
20010327,1111,12,4284
20010327,1120,12,3168
20010327,1115,10,3460
20010327,1108,9,2957
20010327,1113,9,3114
20010327,1403,9,4752
20010327,1121,8,1376
20010327,1197,8,4280
20010327,1106,8,2760
20010327,1304,7,2107
20010327,1297,6,3684
20010327,1402,6,606
20010327,1201,4,1366
20010327,1119,4,2421
20010327,1118,4,476
20010326,1301,28,9032
20010326,1111,17,6030
20010326,1101,15,4190
20010326,1115,14,5646
20010326,1105,13,8319
20010326,1103,8,2648
20010326,1403,8,2638
20010326,1119,6,3697
20010326,1102,4,1432
20010326,1406,4,2456
20010326,1108,4,364
20010325,1110,14,3799
20010325,1121,11,4367
20010325,1404,9,5716
20010325,1403,6,2294
20010325,1106,6,2070
20010325,1108,4,620
20010325,1301,4,2316
20010325,1304,4,2104
20010325,1119,1,434
20010325,1118,1,379
20010324,1105,18,10479
20010324,1112,16,8108
20010324,1110,13,5265
20010324,1303,12,4392
20010324,1403,12,4200
20010324,1301,11,3520
20010324,1111,10,4270
20010324,1108,10,2640
20010324,1119,9,3339
20010324,1120,9,2404
20010324,1101,4,1704
20010324,1107,4,684
20010323,1105,22,11852
20010323,1112,20,9950
20010323,1106,14,6222
20010323,1402,12,5616
20010323,1406,11,4307
20010323,1301,9,4119
20010323,1401,7,2317
20010323,1121,6,2175
20010323,1403,5,1868
20010323,1304,3,903
20010323,1101,3,513
20010323,1113,1,357
20010322,1104,17,6940
20010322,1301,14,3956
20010322,1113,12,3884
20010322,1403,12,3204
20010322,1110,10,3636
20010322,1102,9,3605
20010322,1121,9,5490
20010322,1401,8,3240
20010322,1197,8,3760
20010322,1111,6,3004
20010322,1302,6,2958
20010322,1119,4,1330
20010322,1101,4,1527
20010322,1108,4,1105
20010322,1406,4,1028
20010322,1103,1,128
20010322,1117,1,403
20010321,1406,30,10453
20010321,1401,20,7500
20010321,1101,18,6915
20010321,1106,17,6180
20010321,1402,16,6765
20010321,1111,15,5571
20010321,1110,13,5550
20010321,1403,10,3610
20010321,1113,10,3155
20010321,1119,9,5499
20010321,1105,8,3285
20010321,1107,7,3986
20010321,1103,7,3750
20010321,1301,6,3712
20010321,1115,4,2440
20010320,1119,25,15064
20010320,1102,25,8006
20010320,1108,19,5272
20010320,1107,12,3960
20010320,1115,9,3717
20010320,1121,9,4041
20010320,1302,8,5456
20010320,1401,8,3452
20010320,1101,7,2371
20010320,1116,5,2725
20010320,1403,4,1792
20010320,1197,1,552
20010320,1105,1,687
20010320,1103,1,526
20010319,1104,12,4248
20010319,1119,12,4338
20010319,1402,9,5265
20010319,1105,8,2090
20010318,1101,22,3567
20010318,1301,22,5428
20010318,1121,18,6562
20010318,1117,16,4000
20010318,1113,14,4090
20010318,1116,12,4620
20010318,1403,11,3760
20010318,1107,8,3112
20010318,1115,4,1708
20010318,1119,4,2820
20010317,1101,13,7709
20010317,1117,13,5564
20010317,1102,11,4543
20010317,1403,11,1232
20010317,1119,9,2544
20010317,1301,8,3000
20010317,1406,6,1524
20010317,1104,4,976
20010317,1120,4,1056
20010317,1401,4,2216
20010317,1108,4,1105
20010316,1403,18,7794
20010315,1104,21,10445
20010315,1402,20,10027
20010315,1301,17,6829
20010315,1404,15,7500
20010315,1116,15,8730
20010315,1119,15,6893
20010315,1497,14,7574
20010315,1108,13,4257
20010315,1403,12,5576
20010315,1406,12,4696
20010315,1111,11,4763
20010315,1114,10,4110
20010315,1304,9,1611
20010315,1101,8,2664
20010315,1107,8,3068
20010315,1105,8,2342
20010315,1103,6,3156
20010315,1121,4,2208
20010315,1120,4,1680
20010315,1115,4,1496
20010314,1404,17,7385
20010314,1116,16,6435
20010314,1402,12,7312
20010314,1107,10,3620
20010314,1102,10,3242
20010314,1103,6,1758
20010314,1304,6,3086
20010314,1301,5,1829
20010314,1112,4,1560
20010314,1115,3,1296
20010314,1121,2,544
20010314,1302,2,1364
20010314,1119,1,466
20010314,1120,1,407
20010314,1101,1,528
20010314,1303,1,366
20010314,1403,1,609
20010314,1118,1,119
20010313,1101,30,12148
20010313,1406,21,8328
20010313,1301,16,12192
20010313,1111,16,7044
20010313,1115,15,6478
20010313,1117,14,3756
20010313,1403,13,5213
20010313,1497,12,6492
20010313,1119,9,4194
20010313,1104,8,4904
20010313,1105,7,1989
20010313,1302,7,3255
20010313,1107,4,1588
20010313,1116,4,1387
20010313,1106,3,1623
20010313,1201,3,1755
20010313,1113,3,867
20010312,1101,29,7264
20010312,1120,22,5718
20010312,1121,21,8559
20010312,1107,17,3703
20010312,1112,14,6870
20010312,1108,13,3289
20010312,1114,13,4992
20010312,1119,10,4176
20010312,1110,9,3601
20010312,1104,9,2844
20010312,1197,8,1376
20010312,1401,8,4224
20010312,1105,6,2952
20010312,1203,4,1792
20010312,1406,4,1284
20010312,1106,4,2524
20010311,1403,10,2440
20010311,1110,9,2439
20010310,1301,40,15104
20010310,1406,28,10706
20010310,1119,25,9367
20010310,1101,21,5685
20010310,1402,14,6337
20010310,1113,13,5416
20010310,1403,12,5532
20010310,1116,12,3439
20010310,1105,8,1966
20010310,1497,8,4328
20010310,1104,8,5984
20010310,1112,5,2981
20010310,1102,4,2600
20010310,1111,4,1768
20010309,1121,45,16847
20010309,1105,32,13107
20010309,1403,21,7224
20010309,1301,20,11830
20010309,1401,16,7020
20010309,1101,15,5488
20010309,1110,14,6342
20010309,1406,14,4298
20010309,1402,12,4805
20010309,1108,10,2530
20010309,1115,7,3115
20010309,1297,7,4298
20010309,1111,6,2562
20010309,1112,5,2685
20010309,1118,3,1440
20010309,1113,1,543
20010308,1403,25,7760
20010308,1101,22,7740
20010308,1111,16,5403
20010308,1106,16,8334
20010308,1105,15,6645
20010308,1113,15,4440
20010308,1406,14,4292
20010308,1114,12,3744
20010308,1120,11,5720
20010308,1119,11,4805
20010308,1301,10,5142
20010308,1116,9,2545
20010308,1117,8,4774
20010308,1112,7,1824
20010308,1302,5,2325
20010308,1121,4,1924
20010308,1304,4,1964
20010308,1110,4,1156
20010308,1104,1,452
20010308,1401,1,234
20010307,1404,13,4030
20010307,1121,12,5446
20010307,1119,12,4452
20010307,1303,9,2493
20010307,1402,9,3807
20010307,1403,8,2472
20010307,1406,4,1185
20010306,1119,43,16755
20010306,1101,28,5828
20010306,1406,28,9127
20010306,1118,25,10515
20010306,1112,21,10342
20010306,1104,20,6260
20010306,1103,18,9468
20010306,1121,17,6094
20010306,1304,12,5904
20010306,1115,12,7323
20010306,1401,12,6276
20010306,1106,10,3450
20010306,1302,8,3944
20010306,1402,8,3688
20010306,1201,7,2212
20010306,1197,6,2280
20010306,1403,6,1854
20010306,1113,4,1624
20010306,1111,4,1732
20010306,1404,4,1552
20010306,1303,4,1108
20010305,1106,18,1818
20010305,1120,13,5460
20010305,1303,13,6078
20010305,1301,8,4269
20010305,1111,6,1932
20010305,1121,4,1412
20010303,1115,13,4729
20010303,1301,12,5196
20010303,1119,9,2754
20010303,1111,8,1063
20010303,1403,7,3575
20010303,1402,4,1844
20010301,1404,22,8591
20010301,1121,18,7793
20010301,1103,13,1664
20010301,1403,11,3905
20010301,1102,9,3222
20010301,1301,8,2940
20010301,1119,8,2896
20010301,1406,7,3801
20010301,1112,4,2132
20010301,1106,4,1012
20010301,1104,4,2992
20010228,1301,22,9049
20010228,1115,15,8958
20010228,1104,12,8028
20010228,1118,12,2964
20010228,1102,11,3212
20010228,1112,10,3850
20010228,1120,10,5200
20010228,1106,9,3078
20010228,1105,8,3376
20010228,1401,8,1680
20010228,1117,8,3584
20010228,1121,4,1984
20010228,1116,4,1141
20010228,1404,4,2280
20010227,1116,28,11880
20010227,1301,25,10954
20010227,1403,21,4515
20010227,1120,21,8300
20010227,1117,19,11582
20010227,1103,18,7524
20010227,1101,14,8302
20010227,1113,13,4733
20010227,1111,12,1860
20010227,1121,12,4944
20010227,1107,11,4147
20010227,1401,10,3750
20010227,1119,9,1089
20010227,1115,9,3762
20010227,1118,8,1712
20010227,1404,8,2664
20010227,1104,6,1758
20010227,1114,4,1536
20010227,1105,4,1724
20010226,1113,22,5804
20010226,1403,21,7605
20010226,1107,18,8421
20010226,1120,10,3753
20010226,1121,8,3000
20010226,1402,8,3627
20010226,1301,6,2910
20010226,1401,6,1986
20010226,1406,4,1704
20010226,1104,4,1740
20010224,1301,40,17324
20010224,1105,31,19471
20010224,1101,25,10528
20010224,1302,22,10690
20010224,1406,14,5438
20010224,1114,13,5785
20010224,1104,7,2633
20010224,1403,7,3059
20010224,1116,5,2205
20010224,1110,4,1676
20010224,1119,4,1484
20010224,1404,4,952
20010224,1401,3,630
20010224,1117,3,810
20010223,1111,21,10171
20010223,1105,15,5631
20010223,1106,15,5700
20010223,1113,13,7085
20010223,1301,9,3924
20010223,1119,8,1981
20010223,1107,8,3688
20010223,1103,7,896
20010223,1117,6,2665
20010223,1102,4,1348
20010223,1110,3,681
20010223,1118,3,357
20010223,1108,3,834
20010223,1401,3,867
20010222,1406,17,10506
20010222,1403,16,5056
20010222,1301,11,2695
20010222,1105,10,4310
20010222,1117,8,5080
20010222,1304,8,2408
20010222,1111,4,996
20010222,1402,4,1732
20010220,1406,13,3341
20010220,1116,9,3465
20010220,1119,8,2968
20010217,1107,16,5600
20010217,1108,12,4074
20010217,1115,12,3767
20010217,1101,6,852
20010217,1117,6,3210
20010217,1120,4,1488
20010217,1404,4,952
20010217,1301,4,1280
20010216,1101,30,9968
20010216,1406,29,14298
20010216,1401,25,10579
20010216,1113,21,6919
20010216,1117,18,7254
20010216,1402,18,7182
20010216,1121,17,7743
20010216,1111,17,3306
20010216,1403,11,3784
20010216,1119,9,3456
20010216,1120,9,1665
20010216,1404,8,3888
20010216,1110,8,2168
20010216,1108,8,2024
20010216,1102,8,2656
20010216,1115,7,2431
20010216,1112,1,245
20010216,1105,1,234
20010213,1101,18,6345
20010213,1106,10,3620
20010213,1119,10,4888
20010213,1116,8,2760
20010213,1102,8,2320
20010213,1120,7,2849
20010213,1115,4,2192
20010212,1104,28,14000
20010212,1121,14,3208
20010212,1301,14,7196
20010212,1101,12,3240
20010212,1105,6,4172
20010212,1107,4,1448
20010212,1401,4,2104
20010211,1119,14,5238
20010211,1301,9,4590
20010211,1101,8,2496
20010211,1403,8,2800
20010211,1104,7,2926
20010211,1197,4,2208
20010211,1406,4,1228
20010211,1497,4,2164
20010209,1116,20,6580
20010209,1119,16,8368
20010209,1402,8,3744
20010209,1101,6,3084
20010208,1102,13,5210
20010208,1106,12,3300
20010208,1103,12,2676
20010208,1101,10,3160
20010208,1401,6,1812
20010208,1403,5,1340
20010208,1111,4,1732
20010208,1110,4,1540
20010208,1113,4,1032
20010208,1105,4,1104
20010208,1104,4,2000
20010206,1111,16,5354
20010206,1110,13,3991
20010206,1107,9,3393
20010206,1113,8,2144
20010206,1403,8,2592
20010206,1102,8,2656
20010206,1118,8,1976
20010206,1404,8,4872
20010206,1105,4,2972
20010205,1102,14,5866
20010205,1115,12,5184
20010205,1121,12,5150
20010205,1101,8,2496
20010205,1103,8,1684
20010205,1406,4,2304
20010205,1106,4,1448
20010204,1112,30,14140
20010204,1105,14,8134
20010204,1119,12,3780
20010204,1201,12,3792
20010204,1103,10,5360
20010204,1403,9,2614
20010204,1102,8,2864
20010204,1121,7,2475
20010204,1101,7,1687
20010204,1406,7,2821
20010204,1401,5,1445
20010204,1110,4,1156
20010204,1115,4,1240
20010204,1301,3,1428
20010203,1197,13,2236
20010201,1103,8,1024
20010131,1119,14,1806
20010130,1112,19,7622
20010130,1110,15,7050
20010130,1119,13,3757
20010130,1121,13,4744
20010130,1406,12,5244
20010130,1115,10,3655
20010130,1111,9,2646
20010130,1117,9,3627
20010130,1104,8,3344
20010130,1101,8,2544
20010130,1401,8,3428
20010130,1107,8,2568
20010130,1113,5,1310
20010130,1403,4,1316
20010130,1301,4,1976
20010130,1116,4,2180
20010130,1404,4,1230
20010130,1105,4,2336
20010128,1103,13,3809
20010128,1121,13,5562
20010128,1113,9,3213
20010128,1115,8,2864
20010125,1118,12,4152
20010125,1105,10,2210
20010125,1119,9,3456
20010125,1404,8,2480
20010125,1301,4,2218
20010123,1116,18,4878
20010123,1106,9,2366
20010123,1401,8,4224
20010123,1406,8,3352
20010123,1112,7,3052
20010123,1303,4,1604
20010119,1301,43,17889
20010119,1115,26,16860
20010119,1406,20,9230
20010119,1104,18,6708
20010119,1105,17,7904
20010119,1404,15,7185
20010119,1101,14,3374
20010119,1303,13,7137
20010119,1107,12,5844
20010119,1112,10,3280
20010119,1403,9,3231
20010119,1108,7,2142
20010119,1121,6,2802
20010116,1118,14,6412
20010116,1304,13,6383
20010116,1403,10,2710
20010116,1113,8,3416
20010116,1119,8,3736
20010116,1301,8,4248
20010116,1111,4,1428
20010111,1403,17,5593
20010111,1301,14,6810
20010111,1105,13,7771
20010111,1101,13,3029
20010111,1406,11,4686
20010111,1117,8,3504
20010111,1404,8,2320
20010111,1104,6,3000
20010111,1121,4,1548
20010110,1106,14,3234
20010110,1404,12,4356
20010110,1107,11,5071
20010110,1105,9,4797
20010110,1119,9,2169
20010110,1402,8,2784
20010110,1108,4,1084
20010108,1402,9,3348
20010108,1107,8,3568
20010108,1116,4,1764
