shop,date,time,receipt,customer,product,CategoryCode1,CategoryCode2,CategoryCode4,CategoryCode6,manufacturer,brand,unitCost,unitPrice,quantity,amount,costAmount,profit,YearMonth
A,20010201,113401,1000015,00118A,0000481,1,11,1103,110301,1896,189601,98,128,1,128,98,30,20012
B,20010201,113401,1000015,00118B,0000481,1,11,1103,110301,1896,189601,98,128,1,128,98,30,20012
D,20010201,113401,1000015,00118D,0000481,1,11,1103,110301,1896,189601,98,128,1,128,98,30,20012
C,20010201,113401,1000015,00118C,0000481,1,11,1103,110301,1896,189601,98,128,5,640,490,150,20012
A,20010203,121000,1000016,00179A,0000024,1,11,1197,119797,0530,053001,132,172,6,1032,792,240,20012
B,20010203,121000,1000016,00179B,0000024,1,11,1197,119797,0530,053001,132,172,1,172,132,40,20012
D,20010203,121000,1000016,00179D,0000024,1,11,1197,119797,0530,053001,132,172,1,172,132,40,20012
C,20010203,121000,1000016,00179C,0000024,1,11,1197,119797,0530,053001,132,172,5,860,660,200,20012
A,20010204,100417,1000018,00261A,0000535,1,11,1105,110504,1013,101300,376,489,4,1956,1504,452,20012
B,20010204,100417,1000018,00261B,0000387,1,14,1403,140325,1291,129100,269,350,1,350,269,81,20012
D,20010204,100417,1000018,00261D,0000535,1,11,1105,110504,1013,101300,376,489,1,489,376,113,20012
C,20010204,213040,1000017,00217C,0000382,1,11,1119,111905,1336,133601,282,367,1,367,282,85,20012
A,20010204,100417,1000018,00261A,0000305,1,11,1101,110129,1765,176502,185,241,4,964,740,224,20012
B,20010204,213040,1000017,00217B,0000270,1,11,1115,111507,0605,060502,238,310,1,310,238,72,20012
D,20010204,100417,1000018,00261D,0000305,1,11,1101,110129,1765,176502,185,241,1,241,185,56,20012
C,20010204,213040,1000017,00217C,0000357,1,11,1105,110505,0013,001300,500,650,1,650,500,150,20012
A,20010204,100417,1000018,00261A,0000387,1,14,1403,140325,1291,129100,269,350,1,350,269,81,20012
B,20010204,213040,1000017,00217B,0000208,1,11,1112,111203,0777,077700,358,466,4,1864,1432,432,20012
D,20010204,100417,1000018,00261D,0000387,1,14,1403,140325,1291,129100,269,350,3,1050,807,243,20012
C,20010204,213040,1000017,00217C,0000574,1,14,1401,140101,1632,163202,222,289,1,289,222,67,20012
A,20010204,100417,1000018,00261A,0000364,1,13,1301,130137,1772,177201,366,476,1,476,366,110,20012
B,20010204,213040,1000017,00217B,0000379,1,12,1201,120197,1725,172506,243,316,1,316,243,73,20012
D,20010204,100417,1000018,00261D,0000364,1,13,1301,130137,1772,177201,366,476,1,476,366,110,20012
C,20010204,213040,1000017,00217C,0000362,1,11,1119,111901,0171,017104,222,289,1,289,222,67,20012
A,20010204,100417,1000018,00261A,0000345,1,11,1121,112105,0188,018800,343,547,1,547,343,204,20012
B,20010204,213040,1000017,00217B,0000382,1,11,1119,111905,1336,133601,282,367,1,367,282,85,20012
D,20010204,213040,1000017,00217D,0000574,1,14,1401,140101,1632,163202,222,289,1,289,222,67,20012
C,20010204,213040,1000017,00217C,0000545,1,11,1121,112111,0729,072900,199,259,1,259,199,60,20012
A,20010204,213040,1000017,00217A,0000780,1,11,1112,111297,1869,186901,360,468,5,2340,1800,540,20012
B,20010204,213040,1000017,00217B,0000249,1,11,1103,110397,0393,039303,412,536,1,536,412,124,20012
D,20010204,213040,1000017,00217D,0000362,1,11,1119,111901,0171,017104,222,289,5,1445,1110,335,20012
C,20010204,213040,1000017,00217C,0000208,1,11,1112,111203,0777,077700,358,466,1,466,358,108,20012
A,20010204,213040,1000017,00217A,0000545,1,11,1121,112111,0729,072900,199,259,1,259,199,60,20012
B,20010204,100417,1000018,00261B,0000305,1,11,1101,110129,1765,176502,185,241,2,482,370,112,20012
D,20010204,213040,1000017,00217D,0000485,1,14,1403,140315,0129,012907,166,216,1,216,166,50,20012
C,20010204,213040,1000017,00217C,0000485,1,14,1403,140315,0129,012907,166,216,1,216,166,50,20012
A,20010204,213040,1000017,00217A,0000362,1,11,1119,111901,0171,017104,222,289,1,289,222,67,20012
B,20010204,213040,1000017,00217B,0000299,1,11,1110,111003,0565,056500,222,289,1,289,222,67,20012
D,20010204,213040,1000017,00217D,0000382,1,11,1119,111905,1336,133601,282,367,1,367,282,85,20012
C,20010204,213040,1000017,00217C,0000331,1,11,1102,110207,0193,019301,275,358,1,358,275,83,20012
A,20010204,213040,1000017,00217A,0000574,1,14,1401,140101,1632,163202,222,289,2,578,444,134,20012
B,20010204,100417,1000018,00261B,0000345,1,11,1121,112105,0188,018800,343,446,1,446,343,103,20012
D,20010204,213040,1000017,00217D,0000249,1,11,1103,110397,0393,039303,412,536,1,536,412,124,20012
C,20010204,213040,1000017,00217C,0000379,1,12,1201,120197,1725,172506,243,316,6,1896,1458,438,20012
A,20010204,213040,1000017,00217A,0000270,1,11,1115,111507,0605,060502,238,310,1,310,238,72,20012
B,20010204,213040,1000017,00217B,0000780,1,11,1112,111297,1869,186901,360,468,5,2340,1800,540,20012
D,20010204,213040,1000017,00217D,0000331,1,11,1102,110207,0193,019301,275,358,1,358,275,83,20012
C,20010204,213040,1000017,00217C,0000303,1,14,1406,140611,0856,085602,310,403,1,403,310,93,20012
A,20010204,213040,1000017,00217A,0000485,1,14,1403,140315,0129,012907,166,216,1,216,166,50,20012
B,20010204,213040,1000017,00217B,0000545,1,11,1121,112111,0729,072900,199,259,1,259,199,60,20012
D,20010204,213040,1000017,00217D,0000545,1,11,1121,112111,0729,072900,199,259,1,259,199,60,20012
C,20010204,213040,1000017,00217C,0000299,1,11,1110,111003,0565,056500,222,289,1,289,222,67,20012
A,20010204,213040,1000017,00217A,0000299,1,11,1110,111003,0565,056500,222,289,1,289,222,67,20012
B,20010204,213040,1000017,00217B,0000362,1,11,1119,111901,0171,017104,222,289,1,289,222,67,20012
D,20010204,213040,1000017,00217D,0000270,1,11,1115,111507,0605,060502,238,310,1,310,238,72,20012
C,20010204,213040,1000017,00217C,0000270,1,11,1115,111507,0605,060502,238,310,1,310,238,72,20012
A,20010204,213040,1000017,00217A,0000379,1,12,1201,120197,1725,172506,243,316,1,316,243,73,20012
B,20010204,213040,1000017,00217B,0000574,1,14,1401,140101,1632,163202,222,289,1,289,222,67,20012
D,20010204,213040,1000017,00217D,0000357,1,11,1105,110505,0013,001300,500,650,5,3250,2500,750,20012
C,20010204,213040,1000017,00217C,0000249,1,11,1103,110397,0393,039303,412,536,2,1072,824,248,20012
A,20010204,213040,1000017,00217A,0000303,1,14,1406,140611,0856,085602,310,403,1,403,310,93,20012
B,20010204,213040,1000017,00217B,0000485,1,14,1403,140315,0129,012907,166,216,1,216,166,50,20012
D,20010204,213040,1000017,00217D,0000303,1,14,1406,140611,0856,085602,310,403,1,403,310,93,20012
C,20010204,213040,1000017,00217C,0000780,1,11,1112,111297,1869,186901,360,468,3,1404,1080,324,20012
A,20010204,213040,1000017,00217A,0000357,1,11,1105,110505,0013,001300,500,650,1,650,500,150,20012
B,20010204,213040,1000017,00217B,0000331,1,11,1102,110207,0193,019301,275,358,5,1790,1375,415,20012
D,20010204,213040,1000017,00217D,0000208,1,11,1112,111203,0777,077700,358,588,1,588,358,230,20012
A,20010204,213040,1000017,00217A,0000249,1,11,1103,110397,0393,039303,412,536,6,3216,2472,744,20012
B,20010204,100417,1000018,00261B,0000535,1,11,1105,110504,1013,101300,376,489,1,489,376,113,20012
D,20010204,100417,1000018,00261D,0000345,1,11,1121,112105,0188,018800,343,446,1,446,343,103,20012
A,20010204,213040,1000017,00217A,0000331,1,11,1102,110207,0193,019301,275,358,1,358,275,83,20012
B,20010204,213040,1000017,00217B,0000303,1,14,1406,140611,0856,085602,310,403,4,1612,1240,372,20012
D,20010204,213040,1000017,00217D,0000780,1,11,1112,111297,1869,186901,360,468,6,2808,2160,648,20012
A,20010204,213040,1000017,00217A,0000382,1,11,1119,111905,1336,133601,282,367,1,367,282,85,20012
B,20010204,213040,1000017,00217B,0000357,1,11,1105,110505,0013,001300,500,650,1,650,500,150,20012
D,20010204,213040,1000017,00217D,0000379,1,12,1201,120197,1725,172506,243,316,4,1264,972,292,20012
A,20010204,213040,1000017,00217A,0000208,1,11,1112,111203,0777,077700,358,466,5,2330,1790,540,20012
B,20010204,100417,1000018,00261B,0000364,1,13,1301,130137,1772,177201,366,476,1,476,366,110,20012
D,20010204,213040,1000017,00217D,0000299,1,11,1110,111003,0565,056500,222,289,1,289,222,67,20012
C,20010205,130123,1000019,00179C,0000207,1,11,1115,111509,1170,117003,332,432,1,432,332,100,20012
A,20010205,130123,1000020,00179A,0000207,1,11,1115,111509,1170,117003,332,432,4,1728,1328,400,20012
B,20010205,140338,1000019,00084B,0000481,1,11,1103,110301,1896,189601,98,128,1,128,98,30,20012
D,20010205,130123,1000020,00179D,0000149,1,14,1406,140661,0308,030800,443,576,1,576,443,133,20012
C,20010205,130123,1000019,00179C,0000149,1,14,1406,140661,0308,030800,443,576,1,576,443,133,20012
A,20010205,130123,1000020,00179A,0000149,1,14,1406,140661,0308,030800,443,576,1,576,443,133,20012
B,20010205,140338,1000019,00084B,0000260,1,11,1121,112107,1431,143106,325,423,6,2538,1950,588,20012
D,20010205,140338,1000019,00084D,0000576,1,11,1102,110207,1579,157902,322,419,1,419,322,97,20012
C,20010205,140338,1000018,00084C,0000260,1,11,1121,112107,1431,143106,325,497,1,497,325,172,20012
A,20010205,140338,1000019,00084A,0000442,1,11,1101,110197,0266,026600,240,312,5,1560,1200,360,20012
B,20010205,140338,1000019,00084B,0000385,1,11,1106,110605,1175,117501,278,362,1,362,278,84,20012
D,20010205,140338,1000019,00084D,0000260,1,11,1121,112107,1431,143106,325,423,4,1692,1300,392,20012
C,20010205,140338,1000018,00084C,0000385,1,11,1106,110605,1175,117501,278,362,1,362,278,84,20012
A,20010205,140338,1000019,00084A,0000385,1,11,1106,110605,1175,117501,278,362,1,362,278,84,20012
B,20010205,140338,1000019,00084B,0000277,1,11,1103,110303,1193,119305,225,293,1,293,225,68,20012
D,20010205,140338,1000019,00084D,0000442,1,11,1101,110197,0266,026600,240,312,1,312,240,72,20012
C,20010205,140338,1000018,00084C,0000277,1,11,1103,110303,1193,119305,225,293,1,293,225,68,20012
A,20010205,140338,1000019,00084A,0000576,1,11,1102,110207,1579,157902,322,419,6,2514,1932,582,20012
B,20010205,130123,1000020,00179B,0000149,1,14,1406,140661,0308,030800,443,576,1,576,443,133,20012
D,20010205,140338,1000019,00084D,0000385,1,11,1106,110605,1175,117501,278,362,1,362,278,84,20012
C,20010205,140338,1000018,00084C,0000576,1,11,1102,110207,1579,157902,322,419,1,419,322,97,20012
A,20010205,140338,1000019,00084A,0000277,1,11,1103,110303,1193,119305,225,293,1,293,225,68,20012
B,20010205,130123,1000020,00179B,0000207,1,11,1115,111509,1170,117003,332,432,6,2592,1992,600,20012
D,20010205,140338,1000019,00084D,0000481,1,11,1103,110301,1896,189601,98,128,1,128,98,30,20012
C,20010205,140338,1000018,00084C,0000442,1,11,1101,110197,0266,026600,240,312,1,312,240,72,20012
A,20010205,140338,1000019,00084A,0000481,1,11,1103,110301,1896,189601,98,128,1,128,98,30,20012
B,20010205,140338,1000019,00084B,0000576,1,11,1102,110207,1579,157902,322,419,6,2514,1932,582,20012
D,20010205,140338,1000019,00084D,0000277,1,11,1103,110303,1193,119305,225,293,1,293,225,68,20012
C,20010205,140338,1000018,00084C,0000481,1,11,1103,110301,1896,189601,98,128,1,128,98,30,20012
A,20010205,140338,1000019,00084A,0000260,1,11,1121,112107,1431,143106,325,423,1,423,325,98,20012
B,20010205,140338,1000019,00084B,0000442,1,11,1101,110197,0266,026600,240,312,1,312,240,72,20012
D,20010205,130123,1000020,00179D,0000207,1,11,1115,111509,1170,117003,332,432,1,432,332,100,20012
C,20010206,172546,1000020,00091C,0000308,1,14,1404,140407,0707,070700,468,609,1,609,468,141,20012
A,20010206,172546,1000021,00091A,0000474,1,11,1118,111897,1812,181200,190,247,1,247,190,57,20012
B,20010206,172546,1000021,00091B,0000536,1,11,1113,111307,1083,108301,206,268,1,268,206,62,20012
D,20010206,172546,1000021,00091D,0000308,1,14,1404,140407,0707,070700,468,609,1,609,468,141,20012
C,20010206,172546,1000020,00091C,0000377,1,11,1105,110511,0302,030201,571,743,1,743,571,172,20012
A,20010206,172546,1000021,00091A,0000308,1,14,1404,140407,0707,070700,468,609,5,3045,2340,705,20012
B,20010206,172546,1000021,00091B,0000474,1,11,1118,111897,1812,181200,190,247,1,247,190,57,20012
D,20010206,172546,1000021,00091D,0000536,1,11,1113,111307,1083,108301,206,268,5,1340,1030,310,20012
C,20010206,172546,1000020,00091C,0000474,1,11,1118,111897,1812,181200,190,247,5,1235,950,285,20012
A,20010206,172546,1000021,00091A,0000536,1,11,1113,111307,1083,108301,206,268,1,268,206,62,20012
B,20010206,172546,1000021,00091B,0000553,1,14,1403,140307,0617,061702,249,324,5,1620,1245,375,20012
D,20010206,172546,1000021,00091D,0000377,1,11,1105,110511,0302,030201,571,743,1,743,571,172,20012
C,20010206,172546,1000020,00091C,0000494,1,11,1110,111009,1720,172003,236,307,5,1535,1180,355,20012
A,20010206,172546,1000021,00091A,0000377,1,11,1105,110511,0302,030201,571,743,1,743,571,172,20012
B,20010206,172546,1000021,00091B,0000420,1,11,1102,110211,0376,037601,255,332,1,332,255,77,20012
D,20010206,172546,1000021,00091D,0000494,1,11,1110,111009,1720,172003,236,307,6,1842,1416,426,20012
C,20010206,172546,1000020,00091C,0000424,1,11,1111,111113,1484,148401,226,371,4,1484,904,580,20012
A,20010206,172546,1000021,00091A,0000424,1,11,1111,111113,1484,148401,226,294,5,1470,1130,340,20012
B,20010206,172546,1000021,00091B,0000377,1,11,1105,110511,0302,030201,571,743,1,743,571,172,20012
D,20010206,172546,1000021,00091D,0000553,1,14,1403,140307,0617,061702,249,324,1,324,249,75,20012
C,20010206,172546,1000020,00091C,0000420,1,11,1102,110211,0376,037601,255,332,1,332,255,77,20012
A,20010206,172546,1000021,00091A,0000420,1,11,1102,110211,0376,037601,255,332,1,332,255,77,20012
B,20010206,172546,1000021,00091B,0000424,1,11,1111,111113,1484,148401,226,351,6,2106,1356,750,20012
D,20010206,172546,1000021,00091D,0000423,1,11,1107,110791,0107,010703,290,377,1,377,290,87,20012
C,20010206,172546,1000020,00091C,0000423,1,11,1107,110791,0107,010703,290,377,1,377,290,87,20012
A,20010206,172546,1000021,00091A,0000553,1,14,1403,140307,0617,061702,249,324,1,324,249,75,20012
B,20010206,172546,1000021,00091B,0000494,1,11,1110,111009,1720,172003,236,307,1,307,236,71,20012
D,20010206,172546,1000021,00091D,0000420,1,11,1102,110211,0376,037601,255,332,5,1660,1275,385,20012
C,20010206,172546,1000020,00091C,0000553,1,14,1403,140307,0617,061702,249,324,1,324,249,75,20012
A,20010206,172546,1000021,00091A,0000494,1,11,1110,111009,1720,172003,236,307,1,307,236,71,20012
B,20010206,172546,1000021,00091B,0000423,1,11,1107,110791,0107,010703,290,377,6,2262,1740,522,20012
D,20010206,172546,1000021,00091D,0000474,1,11,1118,111897,1812,181200,190,247,1,247,190,57,20012
C,20010206,172546,1000020,00091C,0000536,1,11,1113,111307,1083,108301,206,268,1,268,206,62,20012
A,20010206,172546,1000021,00091A,0000423,1,11,1107,110791,0107,010703,290,377,1,377,290,87,20012
B,20010206,172546,1000021,00091B,0000308,1,14,1404,140407,0707,070700,468,609,1,609,468,141,20012
D,20010206,172546,1000021,00091D,0000424,1,11,1111,111113,1484,148401,226,294,1,294,226,68,20012
C,20010208,132523,1000021,00082C,0000441,1,11,1110,111007,0713,071300,296,385,1,385,296,89,20012
A,20010208,132523,1000022,00082A,0000246,1,11,1111,111109,1223,122300,333,433,1,433,333,100,20012
B,20010208,132523,1000022,00082B,0000464,1,11,1102,110297,0542,054202,500,650,1,650,500,150,20012
D,20010208,132523,1000022,00082D,0000571,1,11,1103,110303,1158,115804,171,223,1,223,171,52,20012
C,20010208,132523,1000021,00082C,0000163,1,11,1106,110601,0477,047701,77,101,1,101,77,24,20012
A,20010208,132523,1000022,00082A,0000609,1,14,1401,140107,1818,181803,232,302,3,906,696,210,20012
B,20010208,132523,1000022,00082B,0000281,1,14,1403,140305,1501,150100,206,268,2,536,412,124,20012
D,20010208,132523,1000022,00082D,0000246,1,11,1111,111109,1223,122300,333,433,1,433,333,100,20012
C,20010208,132523,1000021,00082C,0000397,1,11,1105,110517,0191,019104,212,276,1,276,212,64,20012
A,20010208,132523,1000022,00082A,0000397,1,11,1105,110517,0191,019104,212,276,1,276,212,64,20012
B,20010208,132523,1000022,00082B,0000397,1,11,1105,110517,0191,019104,212,276,1,276,212,64,20012
D,20010208,132523,1000022,00082D,0000464,1,11,1102,110297,0542,054202,500,650,1,650,500,150,20012
C,20010208,132523,1000021,00082C,0000343,1,11,1104,110407,0189,018903,384,500,1,500,384,116,20012
A,20010208,132523,1000022,00082A,0000441,1,11,1110,111007,0713,071300,296,385,1,385,296,89,20012
B,20010208,132523,1000022,00082B,0000246,1,11,1111,111109,1223,122300,333,433,1,433,333,100,20012
D,20010208,132523,1000022,00082D,0000343,1,11,1104,110407,0189,018903,384,500,1,500,384,116,20012
C,20010208,132523,1000021,00082C,0000464,1,11,1102,110297,0542,054202,500,650,1,650,500,150,20012
A,20010208,132523,1000022,00082A,0000283,1,11,1102,110297,0134,013404,223,290,1,290,223,67,20012
B,20010208,132523,1000022,00082B,0000571,1,11,1103,110303,1158,115804,171,223,1,223,171,52,20012
D,20010208,132523,1000022,00082D,0000397,1,11,1105,110517,0191,019104,212,276,1,276,212,64,20012
C,20010208,132523,1000021,00082C,0000246,1,11,1111,111109,1223,122300,333,433,1,433,333,100,20012
A,20010208,132523,1000022,00082A,0000464,1,11,1102,110297,0542,054202,500,650,1,650,500,150,20012
B,20010208,132523,1000022,00082B,0000343,1,11,1104,110407,0189,018903,384,500,1,500,384,116,20012
D,20010208,132523,1000022,00082D,0000283,1,11,1102,110297,0134,013404,223,290,1,290,223,67,20012
C,20010208,132523,1000021,00082C,0000609,1,14,1401,140107,1818,181803,232,302,1,302,232,70,20012
A,20010208,132523,1000022,00082A,0000385,1,11,1106,110605,1175,117501,278,362,1,362,278,84,20012
B,20010208,132523,1000022,00082B,0000441,1,11,1110,111007,0713,071300,296,385,1,385,296,89,20012
D,20010208,132523,1000022,00082D,0000399,1,11,1113,111307,0939,093902,198,258,1,258,198,60,20012
C,20010208,132523,1000021,00082C,0000281,1,14,1403,140305,1501,150100,206,268,1,268,206,62,20012
A,20010208,132523,1000022,00082A,0000475,1,11,1101,110135,1067,106705,243,316,7,2212,1701,511,20012
B,20010208,132523,1000022,00082B,0000609,1,14,1401,140107,1818,181803,232,302,1,302,232,70,20012
D,20010208,132523,1000022,00082D,0000281,1,14,1403,140305,1501,150100,206,268,1,268,206,62,20012
C,20010208,132523,1000021,00082C,0000399,1,11,1113,111307,0939,093902,198,258,1,258,198,60,20012
A,20010208,132523,1000022,00082A,0000343,1,11,1104,110407,0189,018903,384,500,1,500,384,116,20012
B,20010208,132523,1000022,00082B,0000163,1,11,1106,110601,0477,047701,77,101,1,101,77,24,20012
D,20010208,132523,1000022,00082D,0000385,1,11,1106,110605,1175,117501,278,362,5,1810,1390,420,20012
C,20010208,132523,1000021,00082C,0000571,1,11,1103,110303,1158,115804,171,223,5,1115,855,260,20012
A,20010208,132523,1000022,00082A,0000571,1,11,1103,110303,1158,115804,171,223,5,1115,855,260,20012
B,20010208,132523,1000022,00082B,0000475,1,11,1101,110135,1067,106705,243,316,1,316,243,73,20012
D,20010208,132523,1000022,00082D,0000163,1,11,1106,110601,0477,047701,77,101,1,101,77,24,20012
C,20010208,132523,1000021,00082C,0000385,1,11,1106,110605,1175,117501,278,362,1,362,278,84,20012
A,20010208,132523,1000022,00082A,0000163,1,11,1106,110601,0477,047701,77,101,1,101,77,24,20012
B,20010208,132523,1000022,00082B,0000385,1,11,1106,110605,1175,117501,278,362,1,362,278,84,20012
D,20010208,132523,1000022,00082D,0000475,1,11,1101,110135,1067,106705,243,316,1,316,243,73,20012
C,20010208,132523,1000021,00082C,0000475,1,11,1101,110135,1067,106705,243,316,1,316,243,73,20012
A,20010208,132523,1000022,00082A,0000281,1,14,1403,140305,1501,150100,206,268,1,268,206,62,20012
B,20010208,132523,1000022,00082B,0000283,1,11,1102,110297,0134,013404,223,290,1,290,223,67,20012
D,20010208,132523,1000022,00082D,0000441,1,11,1110,111007,0713,071300,296,385,1,385,296,89,20012
C,20010208,132523,1000021,00082C,0000283,1,11,1102,110297,0134,013404,223,290,6,1740,1338,402,20012
A,20010208,132523,1000022,00082A,0000399,1,11,1113,111307,0939,093902,198,258,1,258,198,60,20012
B,20010208,132523,1000022,00082B,0000399,1,11,1113,111307,0939,093902,198,258,1,258,198,60,20012
D,20010208,132523,1000022,00082D,0000609,1,14,1401,140107,1818,181803,232,302,1,302,232,70,20012
C,20010209,154647,1000022,00228C,0000220,1,11,1119,111905,0191,019100,402,523,1,523,402,121,20012
A,20010209,154647,1000023,00228A,0000220,1,11,1119,111905,0191,019100,402,523,4,2092,1608,484,20012
B,20010209,154647,1000023,00228B,0000319,1,11,1101,110197,1895,189503,395,514,1,514,395,119,20012
D,20010209,154647,1000023,00228D,0000319,1,11,1101,110197,1895,189503,395,514,1,514,395,119,20012
C,20010209,154647,1000022,00228C,0000319,1,11,1101,110197,1895,189503,395,514,1,514,395,119,20012
A,20010209,154647,1000023,00228A,0000176,1,11,1116,111601,0018,001800,253,329,1,329,253,76,20012
B,20010209,154647,1000023,00228B,0000176,1,11,1116,111601,0018,001800,253,329,4,1316,1012,304,20012
D,20010209,154647,1000023,00228D,0000176,1,11,1116,111601,0018,001800,253,329,6,1974,1518,456,20012
C,20010209,154647,1000022,00228C,0000197,1,14,1402,140201,1515,151500,360,468,1,468,360,108,20012
A,20010209,154647,1000023,00228A,0000319,1,11,1101,110197,1895,189503,395,514,3,1542,1185,357,20012
B,20010209,154647,1000023,00228B,0000197,1,14,1402,140201,1515,151500,360,468,1,468,360,108,20012
D,20010209,154647,1000023,00228D,0000197,1,14,1402,140201,1515,151500,360,468,1,468,360,108,20012
C,20010209,154647,1000022,00228C,0000232,1,11,1116,111603,1347,134702,253,329,1,329,253,76,20012
A,20010209,154647,1000023,00228A,0000232,1,11,1116,111603,1347,134702,253,329,1,329,253,76,20012
B,20010209,154647,1000023,00228B,0000220,1,11,1119,111905,0191,019100,402,523,5,2615,2010,605,20012
D,20010209,154647,1000023,00228D,0000232,1,11,1116,111603,1347,134702,253,329,5,1645,1265,380,20012
C,20010209,154647,1000022,00228C,0000176,1,11,1116,111601,0018,001800,253,329,1,329,253,76,20012
A,20010209,154647,1000023,00228A,0000197,1,14,1402,140201,1515,151500,360,468,5,2340,1800,540,20012
B,20010209,154647,1000023,00228B,0000232,1,11,1116,111603,1347,134702,253,329,1,329,253,76,20012
D,20010209,154647,1000023,00228D,0000220,1,11,1119,111905,0191,019100,402,523,6,3138,2412,726,20012
C,20010211,134123,1000024,00181C,0000523,1,13,1301,130139,0120,012000,392,510,1,510,392,118,20012
A,20010211,134123,1000025,00181A,0000523,1,13,1301,130139,0120,012000,392,510,1,510,392,118,20012
B,20010211,143917,1000024,00144B,0000294,1,14,1406,140681,0694,069401,236,307,1,307,236,71,20012
D,20010211,134123,1000025,00181D,0000360,1,11,1119,111905,1327,132705,235,306,1,306,235,71,20012
C,20010211,143917,1000023,00144C,0000235,1,11,1104,110413,1523,152302,321,418,1,418,321,97,20012
A,20010211,134123,1000025,00181A,0000360,1,11,1119,111905,1327,132705,235,306,1,306,235,71,20012
B,20010211,143917,1000024,00144B,0000433,1,14,1497,149797,0227,022700,416,541,1,541,416,125,20012
D,20010211,134123,1000025,00181D,0000442,1,11,1101,110197,0266,026600,240,312,1,312,240,72,20012
C,20010211,143917,1000023,00144C,0000294,1,14,1406,140681,0694,069401,236,307,1,307,236,71,20012
A,20010211,134123,1000025,00181A,0000442,1,11,1101,110197,0266,026600,240,312,1,312,240,72,20012
B,20010211,134123,1000025,00181B,0000523,1,13,1301,130139,0120,012000,392,510,1,510,392,118,20012
D,20010211,143917,1000024,00144D,0000294,1,14,1406,140681,0694,069401,236,307,1,307,236,71,20012
C,20010211,143917,1000023,00144C,0000433,1,14,1497,149797,0227,022700,416,541,1,541,416,125,20012
A,20010211,143917,1000024,00144A,0000317,1,11,1119,111907,0623,062301,357,465,1,465,357,108,20012
B,20010211,134123,1000025,00181B,0000360,1,11,1119,111905,1327,132705,235,306,1,306,235,71,20012
D,20010211,143917,1000024,00144D,0000517,1,11,1197,119705,1151,115102,424,552,1,552,424,128,20012
C,20010211,143917,1000023,00144C,0000317,1,11,1119,111907,0623,062301,357,465,1,465,357,108,20012
A,20010211,143917,1000024,00144A,0000517,1,11,1197,119705,1151,115102,424,552,1,552,424,128,20012
B,20010211,134123,1000025,00181B,0000442,1,11,1101,110197,0266,026600,240,312,5,1560,1200,360,20012
D,20010211,143917,1000024,00144D,0000317,1,11,1119,111907,0623,062301,357,465,3,1395,1071,324,20012
C,20010211,134123,1000024,00181C,0000360,1,11,1119,111905,1327,132705,235,306,5,1530,1175,355,20012
A,20010211,143917,1000024,00144A,0000294,1,14,1406,140681,0694,069401,236,307,1,307,236,71,20012
B,20010211,143917,1000024,00144B,0000517,1,11,1197,119705,1151,115102,424,552,1,552,424,128,20012
D,20010211,143917,1000024,00144D,0000433,1,14,1497,149797,0227,022700,416,541,1,541,416,125,20012
C,20010211,134123,1000024,00181C,0000442,1,11,1101,110197,0266,026600,240,312,1,312,240,72,20012
A,20010211,143917,1000024,00144A,0000433,1,14,1497,149797,0227,022700,416,541,1,541,416,125,20012
B,20010211,143917,1000024,00144B,0000235,1,11,1104,110413,1523,152302,321,418,1,418,321,97,20012
D,20010211,143917,1000024,00144D,0000235,1,11,1104,110413,1523,152302,321,418,4,1672,1284,388,20012
C,20010211,143917,1000023,00144C,0000517,1,11,1197,119705,1151,115102,424,552,1,552,424,128,20012
A,20010211,143917,1000024,00144A,0000387,1,14,1403,140325,1291,129100,269,350,5,1750,1345,405,20012
B,20010211,143917,1000024,00144B,0000387,1,14,1403,140325,1291,129100,269,350,1,350,269,81,20012
D,20010211,143917,1000024,00144D,0000387,1,14,1403,140325,1291,129100,269,350,1,350,269,81,20012
C,20010211,143917,1000023,00144C,0000387,1,14,1403,140325,1291,129100,269,350,1,350,269,81,20012
A,20010211,143917,1000024,00144A,0000235,1,11,1104,110413,1523,152302,321,418,1,418,321,97,20012
B,20010211,143917,1000024,00144B,0000317,1,11,1119,111907,0623,062301,357,465,1,465,357,108,20012
D,20010211,134123,1000025,00181D,0000523,1,13,1301,130139,0120,012000,392,510,6,3060,2352,708,20012
C,20010212,131823,1000025,00227C,0000343,1,11,1104,110407,0189,018903,384,500,1,500,384,116,20012
A,20010212,131823,1000026,00227A,0000563,1,11,1121,112113,0367,036703,132,172,3,516,396,120,20012
B,20010212,131823,1000026,00227B,0000563,1,11,1121,112113,0367,036703,132,172,1,172,132,40,20012
D,20010212,131823,1000026,00227D,0000357,1,11,1105,110505,0013,001300,500,650,1,650,500,150,20012
C,20010212,131823,1000025,00227C,0000380,1,11,1121,112105,0109,010905,209,272,5,1360,1045,315,20012
A,20010212,131823,1000026,00227A,0000357,1,11,1105,110505,0013,001300,500,922,1,922,500,422,20012
B,20010212,131823,1000026,00227B,0000396,1,14,1401,140103,1489,148900,404,526,1,526,404,122,20012
D,20010212,131823,1000026,00227D,0000431,1,11,1101,110129,1705,170502,207,270,3,810,621,189,20012
C,20010212,131823,1000025,00227C,0000629,1,11,1107,110703,1409,140900,278,362,1,362,278,84,20012
A,20010212,131823,1000026,00227A,0000443,1,13,1301,130121,1886,188600,395,514,1,514,395,119,20012
B,20010212,131823,1000026,00227B,0000343,1,11,1104,110407,0189,018903,384,500,1,500,384,116,20012
D,20010212,131823,1000026,00227D,0000343,1,11,1104,110407,0189,018903,384,500,6,3000,2304,696,20012
C,20010212,131823,1000025,00227C,0000443,1,13,1301,130121,1886,188600,395,514,5,2570,1975,595,20012
A,20010212,131823,1000026,00227A,0000396,1,14,1401,140103,1489,148900,404,526,1,526,404,122,20012
B,20010212,131823,1000026,00227B,0000629,1,11,1107,110703,1409,140900,278,362,1,362,278,84,20012
D,20010212,131823,1000026,00227D,0000396,1,14,1401,140103,1489,148900,404,526,1,526,404,122,20012
C,20010212,131823,1000025,00227C,0000343,1,11,1104,110407,0189,018903,384,500,6,3000,2304,696,20012
A,20010212,131823,1000026,00227A,0000431,1,11,1101,110129,1705,170502,207,270,1,270,207,63,20012
B,20010212,131823,1000026,00227B,0000357,1,11,1105,110505,0013,001300,500,650,1,650,500,150,20012
D,20010212,131823,1000026,00227D,0000443,1,13,1301,130121,1886,188600,395,514,7,3598,2765,833,20012
C,20010212,131823,1000025,00227C,0000563,1,11,1121,112113,0367,036703,132,172,1,172,132,40,20012
A,20010212,131823,1000026,00227A,0000343,1,11,1104,110407,0189,018903,384,500,6,3000,2304,696,20012
B,20010212,131823,1000026,00227B,0000343,1,11,1104,110407,0189,018903,384,500,6,3000,2304,696,20012
D,20010212,131823,1000026,00227D,0000629,1,11,1107,110703,1409,140900,278,362,1,362,278,84,20012
C,20010212,131823,1000025,00227C,0000396,1,14,1401,140103,1489,148900,404,526,1,526,404,122,20012
A,20010212,131823,1000026,00227A,0000629,1,11,1107,110703,1409,140900,278,362,1,362,278,84,20012
B,20010212,131823,1000026,00227B,0000431,1,11,1101,110129,1705,170502,207,270,1,270,207,63,20012
D,20010212,131823,1000026,00227D,0000380,1,11,1121,112105,0109,010905,209,272,1,272,209,63,20012
C,20010212,131823,1000025,00227C,0000431,1,11,1101,110129,1705,170502,207,270,7,1890,1449,441,20012
A,20010212,131823,1000026,00227A,0000343,1,11,1104,110407,0189,018903,384,500,1,500,384,116,20012
B,20010212,131823,1000026,00227B,0000443,1,13,1301,130121,1886,188600,395,514,1,514,395,119,20012
D,20010212,131823,1000026,00227D,0000563,1,11,1121,112113,0367,036703,132,172,1,172,132,40,20012
C,20010212,131823,1000025,00227C,0000357,1,11,1105,110505,0013,001300,500,650,3,1950,1500,450,20012
A,20010212,131823,1000026,00227A,0000380,1,11,1121,112105,0109,010905,209,272,1,272,209,63,20012
B,20010212,131823,1000026,00227B,0000380,1,11,1121,112105,0109,010905,209,272,1,272,209,63,20012
D,20010212,131823,1000026,00227D,0000343,1,11,1104,110407,0189,018903,384,500,1,500,384,116,20012
C,20010213,111536,1000026,00168C,0000283,1,11,1102,110297,0134,013404,223,290,1,290,223,67,20012
A,20010213,111536,1000027,00168A,0000589,1,11,1116,111601,1296,129603,265,345,1,345,265,80,20012
B,20010213,134652,1000028,00181B,0000385,1,11,1106,110605,1175,117501,278,362,1,362,278,84,20012
D,20010213,111536,1000027,00168D,0000283,1,11,1102,110297,0134,013404,223,290,1,290,223,67,20012
C,20010213,111536,1000026,00168C,0000442,1,11,1101,110197,0266,026600,240,312,1,312,240,72,20012
A,20010213,111536,1000027,00168A,0000283,1,11,1102,110297,0134,013404,223,290,5,1450,1115,335,20012
B,20010213,111536,1000027,00168B,0000589,1,11,1116,111601,1296,129603,265,345,1,345,265,80,20012
D,20010213,111536,1000027,00168D,0000589,1,11,1116,111601,1296,129603,265,345,1,345,265,80,20012
C,20010213,111536,1000026,00168C,0000589,1,11,1116,111601,1296,129603,265,345,5,1725,1325,400,20012
A,20010213,111536,1000027,00168A,0000442,1,11,1101,110197,0266,026600,240,312,5,1560,1200,360,20012
B,20010213,111536,1000027,00168B,0000541,1,11,1101,110129,0121,012101,277,361,1,361,277,84,20012
D,20010213,111536,1000027,00168D,0000442,1,11,1101,110197,0266,026600,240,399,5,1995,1200,795,20012
C,20010213,111536,1000026,00168C,0000541,1,11,1101,110129,0121,012101,277,361,1,361,277,84,20012
A,20010213,111536,1000027,00168A,0000541,1,11,1101,110129,0121,012101,277,361,3,1083,831,252,20012
B,20010213,111536,1000027,00168B,0000488,1,11,1119,111905,1644,164402,358,466,1,466,358,108,20012
D,20010213,111536,1000027,00168D,0000541,1,11,1101,110129,0121,012101,277,361,1,361,277,84,20012
C,20010213,111536,1000026,00168C,0000572,1,11,1115,111507,1801,180100,421,548,1,548,421,127,20012
A,20010213,111536,1000027,00168A,0000572,1,11,1115,111507,1801,180100,421,548,1,548,421,127,20012
B,20010213,134652,1000028,00181B,0000220,1,11,1119,111905,0191,019100,402,523,1,523,402,121,20012
D,20010213,111536,1000027,00168D,0000572,1,11,1115,111507,1801,180100,421,548,1,548,421,127,20012
C,20010213,134652,1000027,00181C,0000220,1,11,1119,111905,0191,019100,402,523,1,523,402,121,20012
A,20010213,111536,1000027,00168A,0000488,1,11,1119,111905,1644,164402,358,466,1,466,358,108,20012
B,20010213,134652,1000028,00181B,0000448,1,11,1120,112005,1298,129803,313,407,4,1628,1252,376,20012
D,20010213,111536,1000027,00168D,0000488,1,11,1119,111905,1644,164402,358,466,3,1398,1074,324,20012
C,20010213,134652,1000027,00181C,0000385,1,11,1106,110605,1175,117501,278,362,1,362,278,84,20012
A,20010213,134652,1000028,00181A,0000385,1,11,1106,110605,1175,117501,278,362,5,1810,1390,420,20012
B,20010213,111536,1000027,00168B,0000572,1,11,1115,111507,1801,180100,421,548,1,548,421,127,20012
D,20010213,134652,1000028,00181D,0000220,1,11,1119,111905,0191,019100,402,523,1,523,402,121,20012
C,20010213,134652,1000027,00181C,0000448,1,11,1120,112005,1298,129803,313,407,1,407,313,94,20012
A,20010213,134652,1000028,00181A,0000448,1,11,1120,112005,1298,129803,313,407,1,407,313,94,20012
B,20010213,111536,1000027,00168B,0000283,1,11,1102,110297,0134,013404,223,290,1,290,223,67,20012
D,20010213,134652,1000028,00181D,0000448,1,11,1120,112005,1298,129803,313,407,1,407,313,94,20012
C,20010213,111536,1000026,00168C,0000488,1,11,1119,111905,1644,164402,358,466,1,466,358,108,20012
A,20010213,134652,1000028,00181A,0000220,1,11,1119,111905,0191,019100,402,523,1,523,402,121,20012
B,20010213,111536,1000027,00168B,0000442,1,11,1101,110197,0266,026600,240,312,1,312,240,72,20012
D,20010213,134652,1000028,00181D,0000385,1,11,1106,110605,1175,117501,278,362,3,1086,834,252,20012
C,20010216,122637,1000031,00180C,0000471,1,11,1115,111511,1361,136102,275,358,3,1074,825,249,20012
A,20010216,105511,1000029,00088A,0000594,1,11,1113,111303,1991,199103,248,323,5,1615,1240,375,20012
B,20010216,105511,1000029,00088B,0000594,1,11,1113,111303,1991,199103,248,323,6,1938,1488,450,20012
D,20010216,122637,1000032,00180D,0000461,1,14,1406,140671,0894,089401,381,496,1,496,381,115,20012
C,20010216,105511,1000028,00088C,0000594,1,11,1113,111303,1991,199103,248,323,5,1615,1240,375,20012
A,20010216,105511,1000029,00088A,0000402,1,11,1101,110135,1198,119800,310,403,1,403,310,93,20012
B,20010216,105511,1000029,00088B,0000136,1,14,1404,140497,1472,147200,279,363,1,363,279,84,20012
D,20010216,105511,1000029,00088D,0000289,1,14,1406,140691,0678,067800,475,618,1,618,475,143,20012
C,20010216,105511,1000028,00088C,0000289,1,14,1406,140691,0678,067800,475,618,1,618,475,143,20012
A,20010216,105511,1000029,00088A,0000429,1,11,1119,111997,1117,111700,295,384,1,384,295,89,20012
B,20010216,105511,1000029,00088B,0000402,1,11,1101,110135,1198,119800,310,403,1,403,310,93,20012
D,20010216,105511,1000029,00088D,0000414,1,11,1117,111701,1705,170501,310,403,4,1612,1240,372,20012
C,20010216,105511,1000028,00088C,0000454,1,14,1401,140107,1804,180403,199,259,1,259,199,60,20012
A,20010216,105511,1000029,00088A,0000289,1,14,1406,140691,0678,067800,475,618,1,618,475,143,20012
B,20010216,105511,1000029,00088B,0000627,1,11,1111,111107,0179,017901,112,146,1,146,112,34,20012
D,20010216,105511,1000029,00088D,0000136,1,14,1404,140497,1472,147200,279,363,1,363,279,84,20012
C,20010216,105511,1000028,00088C,0000414,1,11,1117,111701,1705,170501,310,403,1,403,310,93,20012
A,20010216,105511,1000029,00088A,0000627,1,11,1111,111107,0179,017901,112,146,1,146,112,34,20012
B,20010216,105511,1000029,00088B,0000289,1,14,1406,140691,0678,067800,475,618,5,3090,2375,715,20012
D,20010216,105511,1000029,00088D,0000627,1,11,1111,111107,0179,017901,112,146,6,876,672,204,20012
C,20010216,105511,1000028,00088C,0000429,1,11,1119,111997,1117,111700,295,384,6,2304,1770,534,20012
A,20010216,105511,1000029,00088A,0000136,1,14,1404,140497,1472,147200,279,363,1,363,279,84,20012
B,20010216,105511,1000029,00088B,0000429,1,11,1119,111997,1117,111700,295,384,1,384,295,89,20012
D,20010216,105511,1000029,00088D,0000594,1,11,1113,111303,1991,199103,248,323,1,323,248,75,20012
C,20010216,105511,1000028,00088C,0000402,1,11,1101,110135,1198,119800,310,403,5,2015,1550,465,20012
A,20010216,105511,1000029,00088A,0000414,1,11,1117,111701,1705,170501,310,403,1,403,310,93,20012
B,20010216,105511,1000029,00088B,0000414,1,11,1117,111701,1705,170501,310,403,2,806,620,186,20012
D,20010216,105511,1000029,00088D,0000402,1,11,1101,110135,1198,119800,310,403,1,403,310,93,20012
C,20010216,122637,1000031,00180C,0000280,1,14,1403,140316,0175,017501,253,329,1,329,253,76,20012
A,20010216,105511,1000029,00088A,0000454,1,14,1401,140107,1804,180403,199,259,1,259,199,60,20012
B,20010216,105511,1000029,00088B,0000454,1,14,1401,140107,1804,180403,199,259,4,1036,796,240,20012
D,20010216,105511,1000029,00088D,0000454,1,14,1401,140107,1804,180403,199,259,1,259,199,60,20012
C,20010216,122637,1000031,00180C,0000461,1,14,1406,140671,0894,089401,381,496,4,1984,1524,460,20012
A,20010216,122637,1000032,00180A,0000275,1,14,1406,140693,0570,057004,370,481,1,481,370,111,20012
B,20010216,122637,1000032,00180B,0000598,1,14,1406,140621,1747,174700,206,268,1,268,206,62,20012
D,20010216,122637,1000032,00180D,0000275,1,14,1406,140693,0570,057004,370,481,3,1443,1110,333,20012
C,20010216,122637,1000031,00180C,0000275,1,14,1406,140693,0570,057004,370,481,5,2405,1850,555,20012
A,20010216,122637,1000032,00180A,0000598,1,14,1406,140621,1747,174700,206,268,1,268,206,62,20012
B,20010216,122637,1000032,00180B,0000275,1,14,1406,140693,0570,057004,370,481,1,481,370,111,20012
D,20010216,161106,1000031,00178D,0000308,1,14,1404,140407,0707,070700,468,609,1,609,468,141,20012
C,20010216,122637,1000031,00180C,0000505,1,11,1108,110803,0085,008500,194,253,1,253,194,59,20012
A,20010216,122637,1000032,00180A,0000402,1,11,1101,110135,1198,119800,310,403,1,403,310,93,20012
B,20010216,122637,1000032,00180B,0000461,1,14,1406,140671,0894,089401,381,496,1,496,381,115,20012
D,20010216,122637,1000032,00180D,0000280,1,14,1403,140316,0175,017501,253,329,1,329,253,76,20012
C,20010216,122637,1000031,00180C,0000493,1,11,1113,111305,1755,175504,274,357,1,357,274,83,20012
A,20010216,122637,1000032,00180A,0000461,1,14,1406,140671,0894,089401,381,496,1,496,381,115,20012
B,20010216,122637,1000032,00180B,0000280,1,14,1403,140316,0175,017501,253,329,1,329,253,76,20012
D,20010216,122637,1000032,00180D,0000493,1,11,1113,111305,1755,175504,274,357,1,357,274,83,20012
C,20010216,122637,1000031,00180C,0000414,1,11,1117,111701,1705,170501,310,403,4,1612,1240,372,20012
A,20010216,122637,1000032,00180A,0000280,1,14,1403,140316,0175,017501,253,329,1,329,253,76,20012
B,20010216,122637,1000032,00180B,0000471,1,11,1115,111511,1361,136102,275,433,1,433,275,158,20012
D,20010216,122637,1000032,00180D,0000471,1,11,1115,111511,1361,136102,275,358,1,358,275,83,20012
C,20010216,122637,1000031,00180C,0000466,1,14,1401,140105,0590,059003,408,531,7,3717,2856,861,20012
A,20010216,122637,1000032,00180A,0000471,1,11,1115,111511,1361,136102,275,358,1,358,275,83,20012
B,20010216,122637,1000032,00180B,0000505,1,11,1108,110803,0085,008500,194,253,1,253,194,59,20012
D,20010216,122637,1000032,00180D,0000402,1,11,1101,110135,1198,119800,310,403,1,403,310,93,20012
C,20010216,122637,1000031,00180C,0000598,1,14,1406,140621,1747,174700,206,268,1,268,206,62,20012
A,20010216,122637,1000032,00180A,0000493,1,11,1113,111305,1755,175504,274,357,1,357,274,83,20012
B,20010216,122637,1000032,00180B,0000466,1,14,1401,140105,0590,059003,408,531,1,531,408,123,20012
D,20010216,122637,1000032,00180D,0000505,1,11,1108,110803,0085,008500,194,253,1,253,194,59,20012
C,20010216,105511,1000028,00088C,0000627,1,11,1111,111107,0179,017901,112,146,1,146,112,34,20012
A,20010216,122637,1000032,00180A,0000505,1,11,1108,110803,0085,008500,194,253,5,1265,970,295,20012
B,20010216,122637,1000032,00180B,0000414,1,11,1117,111701,1705,170501,310,403,4,1612,1240,372,20012
D,20010216,122637,1000032,00180D,0000466,1,14,1401,140105,0590,059003,408,531,1,531,408,123,20012
C,20010216,105511,1000028,00088C,0000136,1,14,1404,140497,1472,147200,279,363,1,363,279,84,20012
A,20010216,122637,1000032,00180A,0000414,1,11,1117,111701,1705,170501,310,403,1,403,310,93,20012
B,20010216,122637,1000032,00180B,0000493,1,11,1113,111305,1755,175504,274,357,1,357,274,83,20012
D,20010216,122637,1000032,00180D,0000414,1,11,1117,111701,1705,170501,310,403,1,403,310,93,20012
C,20010216,143742,1000029,00160C,0000260,1,11,1121,112107,1431,143106,325,497,6,2982,1950,1032,20012
A,20010216,122637,1000032,00180A,0000466,1,14,1401,140105,0590,059003,408,531,1,531,408,123,20012
B,20010216,122637,1000032,00180B,0000402,1,11,1101,110135,1198,119800,310,403,6,2418,1860,558,20012
D,20010216,122637,1000032,00180D,0000598,1,14,1406,140621,1747,174700,206,268,1,268,206,62,20012
C,20010216,143742,1000029,00160C,0000553,1,14,1403,140307,0617,061702,249,324,4,1296,996,300,20012
A,20010216,143742,1000030,00160A,0000260,1,11,1121,112107,1431,143106,325,423,1,423,325,98,20012
B,20010216,142918,1000033,00292B,0000577,1,11,1115,111511,1880,188002,160,208,1,208,160,48,20012
D,20010216,143742,1000030,00160D,0000553,1,14,1403,140307,0617,061702,249,458,1,458,249,209,20012
C,20010216,143742,1000029,00160C,0000315,1,14,1402,140205,0405,040501,290,377,5,1885,1450,435,20012
A,20010216,143742,1000030,00160A,0000463,1,14,1402,140211,0108,010800,333,433,1,433,333,100,20012
B,20010216,142918,1000033,00292B,0000361,1,11,1121,112105,0799,079901,339,441,6,2646,2034,612,20012
D,20010216,143742,1000030,00160D,0000315,1,14,1402,140205,0405,040501,290,377,4,1508,1160,348,20012
C,20010216,143742,1000029,00160C,0000463,1,14,1402,140211,0108,010800,333,433,3,1299,999,300,20012
A,20010216,143742,1000030,00160A,0000315,1,14,1402,140205,0405,040501,290,377,1,377,290,87,20012
B,20010216,142918,1000033,00292B,0000388,1,14,1402,140209,0773,077301,336,437,1,437,336,101,20012
D,20010216,143742,1000030,00160D,0000463,1,14,1402,140211,0108,010800,333,433,1,433,333,100,20012
C,20010216,161106,1000030,00178C,0000276,1,11,1120,112097,0617,061701,142,185,2,370,284,86,20012
A,20010216,143742,1000030,00160A,0000553,1,14,1403,140307,0617,061702,249,324,1,324,249,75,20012
B,20010216,161106,1000031,00178B,0000285,1,11,1110,111015,1516,151601,208,271,5,1355,1040,315,20012
D,20010216,161106,1000031,00178D,0000285,1,11,1110,111015,1516,151601,208,271,1,271,208,63,20012
C,20010216,161106,1000030,00178C,0000391,1,11,1111,111111,0052,005200,191,249,5,1245,955,290,20012
A,20010216,161106,1000031,00178A,0000308,1,14,1404,140407,0707,070700,468,609,1,609,468,141,20012
B,20010216,142918,1000033,00292B,0000484,1,11,1105,110509,1221,122103,180,234,1,234,180,54,20012
D,20010216,161106,1000031,00178D,0000420,1,11,1102,110211,0376,037601,255,332,1,332,255,77,20012
C,20010216,161106,1000030,00178C,0000308,1,14,1404,140407,0707,070700,468,609,1,609,468,141,20012
A,20010216,161106,1000031,00178A,0000478,1,11,1101,110125,0807,080700,121,158,1,158,121,37,20012
B,20010216,142918,1000033,00292B,0000305,1,11,1101,110129,1765,176502,185,241,1,241,185,56,20012
D,20010216,161106,1000031,00178D,0000342,1,14,1401,140115,0147,014700,332,432,5,2160,1660,500,20012
C,20010216,161106,1000030,00178C,0000420,1,11,1102,110211,0376,037601,255,332,1,332,255,77,20012
A,20010216,161106,1000031,00178A,0000391,1,11,1111,111111,0052,005200,191,249,1,249,191,58,20012
B,20010216,143742,1000030,00160B,0000553,1,14,1403,140307,0617,061702,249,390,1,390,249,141,20012
D,20010216,161106,1000031,00178D,0000478,1,11,1101,110125,0807,080700,121,158,1,158,121,37,20012
C,20010216,161106,1000030,00178C,0000285,1,11,1110,111015,1516,151601,208,271,1,271,208,63,20012
A,20010216,161106,1000031,00178A,0000420,1,11,1102,110211,0376,037601,255,332,1,332,255,77,20012
B,20010216,143742,1000030,00160B,0000260,1,11,1121,112107,1431,143106,325,423,3,1269,975,294,20012
D,20010216,161106,1000031,00178D,0000391,1,11,1111,111111,0052,005200,191,249,1,249,191,58,20012
C,20010216,161106,1000030,00178C,0000478,1,11,1101,110125,0807,080700,121,158,5,790,605,185,20012
A,20010216,161106,1000031,00178A,0000276,1,11,1120,112097,0617,061701,142,185,1,185,142,43,20012
B,20010216,143742,1000030,00160B,0000463,1,14,1402,140211,0108,010800,333,433,1,433,333,100,20012
D,20010216,105511,1000029,00088D,0000429,1,11,1119,111997,1117,111700,295,384,1,384,295,89,20012
C,20010216,161106,1000030,00178C,0000342,1,14,1401,140115,0147,014700,332,432,1,432,332,100,20012
A,20010216,161106,1000031,00178A,0000342,1,14,1401,140115,0147,014700,332,432,1,432,332,100,20012
B,20010216,143742,1000030,00160B,0000315,1,14,1402,140205,0405,040501,290,377,1,377,290,87,20012
D,20010216,161106,1000031,00178D,0000276,1,11,1120,112097,0617,061701,142,185,1,185,142,43,20012
C,20010216,122637,1000031,00180C,0000402,1,11,1101,110135,1198,119800,310,403,5,2015,1550,465,20012
A,20010216,161106,1000031,00178A,0000285,1,11,1110,111015,1516,151601,208,271,1,271,208,63,20012
B,20010216,161106,1000031,00178B,0000420,1,11,1102,110211,0376,037601,255,332,5,1660,1275,385,20012
D,20010216,143742,1000030,00160D,0000260,1,11,1121,112107,1431,143106,325,423,1,423,325,98,20012
B,20010216,161106,1000031,00178B,0000276,1,11,1120,112097,0617,061701,142,185,5,925,710,215,20012
B,20010216,161106,1000031,00178B,0000478,1,11,1101,110125,0807,080700,121,158,1,158,121,37,20012
B,20010216,161106,1000031,00178B,0000308,1,14,1404,140407,0707,070700,468,609,1,609,468,141,20012
B,20010216,161106,1000031,00178B,0000391,1,11,1111,111111,0052,005200,191,249,1,249,191,58,20012
B,20010216,161106,1000031,00178B,0000342,1,14,1401,140115,0147,014700,332,432,1,432,332,100,20012
B,20010216,142918,1000033,00292B,0000354,1,11,1112,111211,0869,086900,188,245,1,245,188,57,20012
C,20010217,122709,1000032,00221C,0000324,1,11,1120,112005,1854,185406,286,372,1,372,286,86,20012
A,20010217,122709,1000033,00221A,0000506,1,13,1301,130129,0854,085400,246,320,1,320,246,74,20012
D,20010217,122709,1000033,00221D,0000324,1,11,1120,112005,1854,185406,286,372,1,372,286,86,20012
B,20010217,122709,1000034,00221B,0000528,1,11,1107,110721,0547,054700,241,314,1,314,241,73,20012
C,20010217,122709,1000032,00221C,0000390,1,11,1117,111797,1943,194300,411,535,3,1605,1233,372,20012
A,20010217,122709,1000033,00221A,0000324,1,11,1120,112005,1854,185406,286,372,1,372,286,86,20012
D,20010217,122709,1000033,00221D,0000506,1,13,1301,130129,0854,085400,246,320,1,320,246,74,20012
B,20010217,122709,1000034,00221B,0000390,1,11,1117,111797,1943,194300,411,535,1,535,411,124,20012
C,20010217,122709,1000032,00221C,0000270,1,11,1115,111507,0605,060502,238,310,1,310,238,72,20012
A,20010217,122709,1000033,00221A,0000528,1,11,1107,110721,0547,054700,241,314,1,314,241,73,20012
D,20010217,122709,1000033,00221D,0000390,1,11,1117,111797,1943,194300,411,535,1,535,411,124,20012
B,20010217,122709,1000034,00221B,0000506,1,13,1301,130129,0854,085400,246,320,1,320,246,74,20012
C,20010217,122709,1000032,00221C,0000547,1,14,1404,140497,0338,033801,183,238,1,238,183,55,20012
A,20010217,122709,1000033,00221A,0000278,1,11,1107,110725,0140,014000,278,362,1,362,278,84,20012
D,20010217,122709,1000033,00221D,0000528,1,11,1107,110721,0547,054700,241,314,1,314,241,73,20012
B,20010217,122709,1000034,00221B,0000278,1,11,1107,110725,0140,014000,278,362,5,1810,1390,420,20012
C,20010217,122709,1000032,00221C,0000335,1,11,1101,110103,0485,048500,109,142,1,142,109,33,20012
A,20010217,122709,1000033,00221A,0000547,1,14,1404,140497,0338,033801,183,238,1,238,183,55,20012
D,20010217,122709,1000033,00221D,0000278,1,11,1107,110725,0140,014000,278,362,5,1810,1390,420,20012
B,20010217,122709,1000034,00221B,0000452,1,11,1108,110802,0506,050602,235,306,5,1530,1175,355,20012
C,20010217,122709,1000032,00221C,0000528,1,11,1107,110721,0547,054700,241,314,1,314,241,73,20012
A,20010217,122709,1000033,00221A,0000335,1,11,1101,110103,0485,048500,109,142,3,426,327,99,20012
D,20010217,122709,1000033,00221D,0000452,1,11,1108,110802,0506,050602,235,306,1,306,235,71,20012
B,20010217,122709,1000034,00221B,0000335,1,11,1101,110103,0485,048500,109,142,1,142,109,33,20012
C,20010217,122709,1000032,00221C,0000278,1,11,1107,110725,0140,014000,278,362,1,362,278,84,20012
A,20010217,122709,1000033,00221A,0000452,1,11,1108,110802,0506,050602,235,384,5,1920,1175,745,20012
D,20010217,122709,1000033,00221D,0000335,1,11,1101,110103,0485,048500,109,142,1,142,109,33,20012
B,20010217,122709,1000034,00221B,0000547,1,14,1404,140497,0338,033801,183,238,1,238,183,55,20012
C,20010217,122709,1000032,00221C,0000506,1,13,1301,130129,0854,085400,246,320,1,320,246,74,20012
A,20010217,122709,1000033,00221A,0000390,1,11,1117,111797,1943,194300,411,535,1,535,411,124,20012
D,20010217,122709,1000033,00221D,0000270,1,11,1115,111507,0605,060502,238,310,5,1550,1190,360,20012
B,20010217,122709,1000034,00221B,0000324,1,11,1120,112005,1854,185406,286,372,1,372,286,86,20012
C,20010217,122709,1000032,00221C,0000452,1,11,1108,110802,0506,050602,235,318,1,318,235,83,20012
A,20010217,122709,1000033,00221A,0000270,1,11,1115,111507,0605,060502,238,357,1,357,238,119,20012
D,20010217,122709,1000033,00221D,0000547,1,14,1404,140497,0338,033801,183,238,1,238,183,55,20012
B,20010217,122709,1000034,00221B,0000270,1,11,1115,111507,0605,060502,238,310,5,1550,1190,360,20012
C,20010220,141805,1000033,00049C,0000293,1,11,1116,111697,1527,152705,296,385,6,2310,1776,534,20012
A,20010220,141805,1000034,00049A,0000482,1,11,1119,111997,0844,084400,285,371,1,371,285,86,20012
D,20010220,141805,1000034,00049D,0000293,1,11,1116,111697,1527,152705,296,385,1,385,296,89,20012
B,20010220,141805,1000035,00049B,0000117,1,14,1406,140691,0714,071401,197,257,5,1285,985,300,20012
C,20010220,141805,1000033,00049C,0000117,1,14,1406,140691,0714,071401,197,257,1,257,197,60,20012
A,20010220,141805,1000034,00049A,0000293,1,11,1116,111697,1527,152705,296,385,1,385,296,89,20012
D,20010220,141805,1000034,00049D,0000117,1,14,1406,140691,0714,071401,197,257,6,1542,1182,360,20012
B,20010220,141805,1000035,00049B,0000293,1,11,1116,111697,1527,152705,296,385,1,385,296,89,20012
C,20010220,141805,1000033,00049C,0000482,1,11,1119,111997,0844,084400,285,371,5,1855,1425,430,20012
A,20010220,141805,1000034,00049A,0000117,1,14,1406,140691,0714,071401,197,257,1,257,197,60,20012
D,20010220,141805,1000034,00049D,0000482,1,11,1119,111997,0844,084400,285,371,1,371,285,86,20012
B,20010220,141805,1000035,00049B,0000482,1,11,1119,111997,0844,084400,285,371,1,371,285,86,20012
C,20010222,112146,1000034,00250C,0000318,1,13,1304,130497,1248,124805,231,301,5,1505,1155,350,20012
A,20010222,112146,1000035,00250A,0000432,1,11,1105,110509,1258,125804,331,431,5,2155,1655,500,20012
D,20010222,112146,1000035,00250D,0000463,1,14,1402,140211,0108,010800,333,433,1,433,333,100,20012
B,20010222,112146,1000036,00250B,0000191,1,11,1117,111703,1508,150802,488,635,1,635,488,147,20012
C,20010222,112146,1000034,00250C,0000479,1,13,1301,130127,1293,129301,188,245,1,245,188,57,20012
A,20010222,112146,1000035,00250A,0000391,1,11,1111,111111,0052,005200,191,249,1,249,191,58,20012
D,20010222,112146,1000035,00250D,0000391,1,11,1111,111111,0052,005200,191,249,1,249,191,58,20012
B,20010222,112146,1000036,00250B,0000432,1,11,1105,110509,1258,125804,331,431,3,1293,993,300,20012
C,20010222,112146,1000034,00250C,0000516,1,14,1403,140313,0263,026304,243,316,1,316,243,73,20012
A,20010222,112146,1000035,00250A,0000479,1,13,1301,130127,1293,129301,188,245,5,1225,940,285,20012
D,20010222,112146,1000035,00250D,0000432,1,11,1105,110509,1258,125804,331,431,1,431,331,100,20012
B,20010222,112146,1000036,00250B,0000318,1,13,1304,130497,1248,124805,231,301,1,301,231,70,20012
C,20010222,112146,1000034,00250C,0000391,1,11,1111,111111,0052,005200,191,249,1,249,191,58,20012
A,20010222,112146,1000035,00250A,0000289,1,14,1406,140691,0678,067800,475,618,6,3708,2850,858,20012
D,20010222,112146,1000035,00250D,0000191,1,11,1117,111703,1508,150802,488,635,5,3175,2440,735,20012
B,20010222,112146,1000036,00250B,0000391,1,11,1111,111111,0052,005200,191,249,1,249,191,58,20012
C,20010222,112146,1000034,00250C,0000191,1,11,1117,111703,1508,150802,488,635,1,635,488,147,20012
A,20010222,112146,1000035,00250A,0000516,1,14,1403,140313,0263,026304,243,316,7,2212,1701,511,20012
D,20010222,112146,1000035,00250D,0000516,1,14,1403,140313,0263,026304,243,316,1,316,243,73,20012
B,20010222,112146,1000036,00250B,0000289,1,14,1406,140691,0678,067800,475,618,5,3090,2375,715,20012
C,20010222,112146,1000034,00250C,0000432,1,11,1105,110509,1258,125804,331,431,1,431,331,100,20012
A,20010222,112146,1000035,00250A,0000191,1,11,1117,111703,1508,150802,488,635,1,635,488,147,20012
D,20010222,112146,1000035,00250D,0000318,1,13,1304,130497,1248,124805,231,301,1,301,231,70,20012
B,20010222,112146,1000036,00250B,0000516,1,14,1403,140313,0263,026304,243,316,7,2212,1701,511,20012
C,20010222,112146,1000034,00250C,0000463,1,14,1402,140211,0108,010800,333,433,1,433,333,100,20012
A,20010222,112146,1000035,00250A,0000463,1,14,1402,140211,0108,010800,333,433,1,433,333,100,20012
D,20010222,112146,1000035,00250D,0000479,1,13,1301,130127,1293,129301,188,245,1,245,188,57,20012
B,20010222,112146,1000036,00250B,0000479,1,13,1301,130127,1293,129301,188,245,4,980,752,228,20012
C,20010222,112146,1000034,00250C,0000289,1,14,1406,140691,0678,067800,475,618,5,3090,2375,715,20012
A,20010222,112146,1000035,00250A,0000318,1,13,1304,130497,1248,124805,231,301,1,301,231,70,20012
D,20010222,112146,1000035,00250D,0000289,1,14,1406,140691,0678,067800,475,618,1,618,475,143,20012
B,20010222,112146,1000036,00250B,0000463,1,14,1402,140211,0108,010800,333,433,1,433,333,100,20012
C,20010223,122531,1000035,00044C,0000397,1,11,1105,110517,0191,019104,212,276,1,276,212,64,20012
A,20010223,110603,1000037,00254A,0000436,1,11,1111,111197,0407,040704,331,431,1,431,331,100,20012
D,20010223,110603,1000037,00254D,0000373,1,11,1118,111897,1341,134100,91,119,1,119,91,28,20012
B,20010223,110603,1000038,00254B,0000373,1,11,1118,111897,1341,134100,91,119,1,119,91,28,20012
C,20010223,122531,1000035,00044C,0000332,1,11,1107,110721,0550,055003,354,461,1,461,354,107,20012
A,20010223,110603,1000037,00254A,0000368,1,13,1301,130139,0054,005401,335,436,5,2180,1675,505,20012
D,20010223,110603,1000037,00254D,0000574,1,14,1401,140101,1632,163202,222,289,1,289,222,67,20012
B,20010223,110603,1000038,00254B,0000486,1,11,1108,110801,1315,131504,208,271,1,271,208,63,20012
C,20010223,122531,1000035,00044C,0000336,1,11,1111,111101,1496,149602,393,511,1,511,393,118,20012
A,20010223,110603,1000037,00254A,0000574,1,14,1401,140101,1632,163202,222,289,1,289,222,67,20012
D,20010223,110603,1000037,00254D,0000368,1,13,1301,130139,0054,005401,335,436,3,1308,1005,303,20012
B,20010223,110603,1000038,00254B,0000368,1,13,1301,130139,0054,005401,335,436,1,436,335,101,20012
C,20010223,122531,1000035,00044C,0000367,1,11,1106,110697,0048,004803,292,380,5,1900,1460,440,20012
A,20010223,110603,1000037,00254A,0000373,1,11,1118,111897,1341,134100,91,119,1,119,91,28,20012
D,20010223,110603,1000037,00254D,0000486,1,11,1108,110801,1315,131504,208,271,1,271,208,63,20012
B,20010223,122531,1000037,00044B,0000367,1,11,1106,110697,0048,004803,292,380,4,1520,1168,352,20012
C,20010223,122531,1000035,00044C,0000481,1,11,1103,110301,1896,189601,98,128,4,512,392,120,20012
A,20010223,110603,1000037,00254A,0000486,1,11,1108,110801,1315,131504,208,292,1,292,208,84,20012
D,20010223,110603,1000037,00254D,0000374,1,11,1117,111701,0151,015100,329,428,1,428,329,99,20012
B,20010223,110603,1000038,00254B,0000374,1,11,1117,111701,0151,015100,329,428,1,428,329,99,20012
C,20010223,122531,1000035,00044C,0000313,1,11,1119,111997,1378,137803,185,241,1,241,185,56,20012
A,20010223,110603,1000037,00254A,0000374,1,11,1117,111701,0151,015100,329,428,1,428,329,99,20012
D,20010223,110603,1000037,00254D,0000457,1,11,1110,111007,1319,131902,174,227,1,227,174,53,20012
B,20010223,110603,1000038,00254B,0000414,1,11,1117,111701,1705,170501,310,403,1,403,310,93,20012
C,20010223,122531,1000035,00044C,0000602,1,11,1113,111301,1772,177202,419,545,1,545,419,126,20012
A,20010223,110603,1000037,00254A,0000457,1,11,1110,111007,1319,131902,174,227,1,227,174,53,20012
D,20010223,110603,1000037,00254D,0000414,1,11,1117,111701,1705,170501,310,575,1,575,310,265,20012
B,20010223,110603,1000038,00254B,0000436,1,11,1111,111197,0407,040704,331,431,1,431,331,100,20012
C,20010223,122531,1000035,00044C,0000579,1,11,1102,110211,1884,188400,259,337,1,337,259,78,20012
A,20010223,110603,1000037,00254A,0000414,1,11,1117,111701,1705,170501,310,403,1,403,310,93,20012
D,20010223,122531,1000036,00044D,0000336,1,11,1111,111101,1496,149602,393,511,6,3066,2358,708,20012
B,20010223,122531,1000037,00044B,0000579,1,11,1102,110211,1884,188400,259,337,1,337,259,78,20012
C,20010223,122531,1000035,00044C,0000535,1,11,1105,110504,1013,101300,376,489,1,489,376,113,20012
A,20010223,122531,1000036,00044A,0000367,1,11,1106,110697,0048,004803,292,380,5,1900,1460,440,20012
D,20010223,122531,1000036,00044D,0000397,1,11,1105,110517,0191,019104,212,276,5,1380,1060,320,20012
B,20010223,122531,1000037,00044B,0000332,1,11,1107,110721,0550,055003,354,461,1,461,354,107,20012
A,20010223,122531,1000036,00044A,0000481,1,11,1103,110301,1896,189601,98,128,1,128,98,30,20012
D,20010223,122531,1000036,00044D,0000313,1,11,1119,111997,1378,137803,185,241,1,241,185,56,20012
B,20010223,122531,1000037,00044B,0000397,1,11,1105,110517,0191,019104,212,276,1,276,212,64,20012
A,20010223,122531,1000036,00044A,0000397,1,11,1105,110517,0191,019104,212,276,1,276,212,64,20012
D,20010223,122531,1000036,00044D,0000579,1,11,1102,110211,1884,188400,259,337,1,337,259,78,20012
B,20010223,122531,1000037,00044B,0000602,1,11,1113,111301,1772,177202,419,545,3,1635,1257,378,20012
A,20010223,122531,1000036,00044A,0000602,1,11,1113,111301,1772,177202,419,545,4,2180,1676,504,20012
D,20010223,122531,1000036,00044D,0000367,1,11,1106,110697,0048,004803,292,380,1,380,292,88,20012
B,20010223,122531,1000037,00044B,0000313,1,11,1119,111997,1378,137803,185,294,1,294,185,109,20012
A,20010223,122531,1000036,00044A,0000336,1,11,1111,111101,1496,149602,393,511,6,3066,2358,708,20012
D,20010223,122531,1000036,00044D,0000481,1,11,1103,110301,1896,189601,98,128,1,128,98,30,20012
B,20010223,122531,1000037,00044B,0000481,1,11,1103,110301,1896,189601,98,128,1,128,98,30,20012
A,20010223,122531,1000036,00044A,0000535,1,11,1105,110504,1013,101300,376,489,1,489,376,113,20012
D,20010223,122531,1000036,00044D,0000332,1,11,1107,110721,0550,055003,354,461,5,2305,1770,535,20012
B,20010223,122531,1000037,00044B,0000336,1,11,1111,111101,1496,149602,393,511,1,511,393,118,20012
A,20010223,122531,1000036,00044A,0000313,1,11,1119,111997,1378,137803,185,241,5,1205,925,280,20012
D,20010223,122531,1000036,00044D,0000602,1,11,1113,111301,1772,177202,419,545,5,2725,2095,630,20012
B,20010223,122531,1000037,00044B,0000535,1,11,1105,110504,1013,101300,376,489,1,489,376,113,20012
A,20010223,122531,1000036,00044A,0000579,1,11,1102,110211,1884,188400,259,337,1,337,259,78,20012
D,20010223,122531,1000036,00044D,0000535,1,11,1105,110504,1013,101300,376,489,4,1956,1504,452,20012
B,20010223,110603,1000038,00254B,0000574,1,14,1401,140101,1632,163202,222,289,1,289,222,67,20012
A,20010223,122531,1000036,00044A,0000332,1,11,1107,110721,0550,055003,354,461,1,461,354,107,20012
D,20010223,110603,1000037,00254D,0000436,1,11,1111,111197,0407,040704,331,431,5,2155,1655,500,20012
B,20010223,110603,1000038,00254B,0000457,1,11,1110,111007,1319,131902,174,227,1,227,174,53,20012
C,20010224,143400,1000036,00004C,0000482,1,11,1119,111997,0844,084400,285,371,1,371,285,86,20012
A,20010224,112454,1000041,00254A,0000487,1,11,1117,111705,0717,071700,207,270,1,270,207,63,20012
D,20010224,162043,1000039,00077D,0000532,1,13,1301,130121,1482,148204,202,263,1,263,202,61,20012
B,20010224,112454,1000042,00254B,0000600,1,14,1406,140621,1730,173000,245,319,6,1914,1470,444,20012
C,20010224,143400,1000036,00004C,0000441,1,11,1110,111007,0713,071300,296,385,1,385,296,89,20012
A,20010224,112454,1000041,00254A,0000365,1,14,1401,140111,0769,076900,161,210,1,210,161,49,20012
D,20010224,112454,1000041,00254D,0000327,1,13,1302,130297,0471,047101,357,465,1,465,357,108,20012
B,20010224,112454,1000042,00254B,0000364,1,13,1301,130137,1772,177201,366,526,5,2630,1830,800,20012
C,20010224,143400,1000036,00004C,0000377,1,11,1105,110511,0302,030201,571,743,1,743,571,172,20012
A,20010224,112454,1000041,00254A,0000600,1,14,1406,140621,1730,173000,245,319,1,319,245,74,20012
D,20010224,112454,1000041,00254D,0000339,1,11,1105,110501,1285,128501,430,559,1,559,430,129,20012
B,20010224,112454,1000042,00254B,0000327,1,13,1302,130297,0471,047101,357,465,4,1860,1428,432,20012
C,20010224,150343,1000038,00118C,0000355,1,14,1403,140309,0585,058501,336,437,1,437,336,101,20012
A,20010224,112454,1000041,00254A,0000275,1,14,1406,140693,0570,057004,370,481,1,481,370,111,20012
D,20010224,112454,1000041,00254D,0000275,1,14,1406,140693,0570,057004,370,481,1,481,370,111,20012
B,20010224,112454,1000042,00254B,0000487,1,11,1117,111705,0717,071700,207,270,1,270,207,63,20012
C,20010224,150343,1000038,00118C,0000405,1,13,1301,130123,1310,131000,408,531,1,531,408,123,20012
A,20010224,112454,1000041,00254A,0000534,1,11,1104,110415,1226,122600,374,487,1,487,374,113,20012
D,20010224,112454,1000041,00254D,0000487,1,11,1117,111705,0717,071700,207,270,1,270,207,63,20012
B,20010224,112454,1000042,00254B,0000275,1,14,1406,140693,0570,057004,370,481,4,1924,1480,444,20012
C,20010224,150343,1000038,00118C,0000339,1,11,1105,110501,1285,128501,430,559,1,559,430,129,20012
A,20010224,112454,1000041,00254A,0000327,1,13,1302,130297,0471,047101,357,465,7,3255,2499,756,20012
D,20010224,112454,1000041,00254D,0000364,1,13,1301,130137,1772,177201,366,476,6,2856,2196,660,20012
B,20010224,112454,1000042,00254B,0000534,1,11,1104,110415,1226,122600,374,487,1,487,374,113,20012
C,20010224,150343,1000038,00118C,0000613,1,11,1114,111401,1568,156801,342,445,1,445,342,103,20012
A,20010224,112454,1000041,00254A,0000364,1,13,1301,130137,1772,177201,366,476,3,1428,1098,330,20012
D,20010224,112454,1000041,00254D,0000365,1,14,1401,140111,0769,076900,161,210,1,210,161,49,20012
B,20010224,112454,1000042,00254B,0000365,1,14,1401,140111,0769,076900,161,210,1,210,161,49,20012
C,20010224,150343,1000038,00118C,0000319,1,11,1101,110197,1895,189503,395,514,1,514,395,119,20012
A,20010224,112454,1000041,00254A,0000339,1,11,1105,110501,1285,128501,430,559,1,559,430,129,20012
D,20010224,143400,1000038,00004D,0000441,1,11,1110,111007,0713,071300,296,521,1,521,296,225,20012
B,20010224,143400,1000039,00004B,0000482,1,11,1119,111997,0844,084400,285,371,1,371,285,86,20012
C,20010224,162043,1000037,00077C,0000431,1,11,1101,110129,1705,170502,207,380,5,1900,1035,865,20012
A,20010224,143400,1000038,00004A,0000441,1,11,1110,111007,0713,071300,296,385,1,385,296,89,20012
D,20010224,143400,1000038,00004D,0000311,1,11,1116,111603,1776,177601,339,441,2,882,678,204,20012
B,20010224,143400,1000039,00004B,0000311,1,11,1116,111603,1776,177601,339,441,1,441,339,102,20012
C,20010224,162043,1000037,00077C,0000646,1,13,1302,130205,1380,138005,393,511,1,511,393,118,20012
A,20010224,143400,1000038,00004A,0000377,1,11,1105,110511,0302,030201,571,743,5,3715,2855,860,20012
D,20010224,143400,1000038,00004D,0000482,1,11,1119,111997,0844,084400,285,371,1,371,285,86,20012
B,20010224,143400,1000039,00004B,0000441,1,11,1110,111007,0713,071300,296,385,1,385,296,89,20012
C,20010224,162043,1000037,00077C,0000239,1,11,1104,110497,0781,078100,225,293,1,293,225,68,20012
A,20010224,143400,1000038,00004A,0000482,1,11,1119,111997,0844,084400,285,371,1,371,285,86,20012
D,20010224,143400,1000038,00004D,0000377,1,11,1105,110511,0302,030201,571,743,1,743,571,172,20012
B,20010224,143400,1000039,00004B,0000377,1,11,1105,110511,0302,030201,571,743,1,743,571,172,20012
C,20010224,162043,1000037,00077C,0000547,1,14,1404,140497,0338,033801,183,238,1,238,183,55,20012
A,20010224,143400,1000038,00004A,0000311,1,11,1116,111603,1776,177601,339,441,1,441,339,102,20012
D,20010224,150343,1000040,00118D,0000405,1,13,1301,130123,1310,131000,408,531,1,531,408,123,20012
B,20010224,150343,1000041,00118B,0000613,1,11,1114,111401,1568,156801,342,445,5,2225,1710,515,20012
C,20010224,143400,1000036,00004C,0000311,1,11,1116,111603,1776,177601,339,441,1,441,339,102,20012
A,20010224,150343,1000040,00118A,0000613,1,11,1114,111401,1568,156801,342,445,1,445,342,103,20012
D,20010224,150343,1000040,00118D,0000393,1,11,1105,110517,1889,188901,410,533,1,533,410,123,20012
B,20010224,150343,1000041,00118B,0000393,1,11,1105,110517,1889,188901,410,533,1,533,410,123,20012
C,20010224,162043,1000037,00077C,0000532,1,13,1301,130121,1482,148204,202,263,3,789,606,183,20012
A,20010224,150343,1000040,00118A,0000339,1,11,1105,110501,1285,128501,430,559,5,2795,2150,645,20012
D,20010224,150343,1000040,00118D,0000613,1,11,1114,111401,1568,156801,342,445,6,2670,2052,618,20012
B,20010224,150343,1000041,00118B,0000319,1,11,1101,110197,1895,189503,395,514,6,3084,2370,714,20012
C,20010224,150343,1000038,00118C,0000393,1,11,1105,110517,1889,188901,410,533,1,533,410,123,20012
A,20010224,150343,1000040,00118A,0000405,1,13,1301,130123,1310,131000,408,625,7,4375,2856,1519,20012
D,20010224,150343,1000040,00118D,0000339,1,11,1105,110501,1285,128501,430,559,1,559,430,129,20012
B,20010224,150343,1000041,00118B,0000405,1,13,1301,130123,1310,131000,408,531,1,531,408,123,20012
C,20010224,162043,1000037,00077C,0000378,1,13,1301,130139,0386,038605,222,289,1,289,222,67,20012
A,20010224,150343,1000040,00118A,0000319,1,11,1101,110197,1895,189503,395,514,1,514,395,119,20012
D,20010224,150343,1000040,00118D,0000319,1,11,1101,110197,1895,189503,395,514,1,514,395,119,20012
B,20010224,150343,1000041,00118B,0000339,1,11,1105,110501,1285,128501,430,559,6,3354,2580,774,20012
C,20010224,162043,1000037,00077C,0000233,1,11,1101,110142,0244,024400,406,528,1,528,406,122,20012
A,20010224,150343,1000040,00118A,0000355,1,14,1403,140309,0585,058501,336,437,4,1748,1344,404,20012
D,20010224,150343,1000040,00118D,0000355,1,14,1403,140309,0585,058501,336,437,1,437,336,101,20012
B,20010224,150343,1000041,00118B,0000355,1,14,1403,140309,0585,058501,336,437,1,437,336,101,20012
A,20010224,150343,1000040,00118A,0000393,1,11,1105,110517,1889,188901,410,746,4,2984,1640,1344,20012
D,20010224,162043,1000039,00077D,0000547,1,14,1404,140497,0338,033801,183,238,1,238,183,55,20012
B,20010224,162043,1000040,00077B,0000646,1,13,1302,130205,1380,138005,393,511,7,3577,2751,826,20012
A,20010224,162043,1000039,00077A,0000431,1,11,1101,110129,1705,170502,207,270,1,270,207,63,20012
D,20010224,162043,1000039,00077D,0000239,1,11,1104,110497,0781,078100,225,293,1,293,225,68,20012
B,20010224,162043,1000040,00077B,0000532,1,13,1301,130121,1482,148204,202,263,2,526,404,122,20012
A,20010224,162043,1000039,00077A,0000239,1,11,1104,110497,0781,078100,225,293,1,293,225,68,20012
D,20010224,162043,1000039,00077D,0000431,1,11,1101,110129,1705,170502,207,270,1,270,207,63,20012
B,20010224,162043,1000040,00077B,0000378,1,13,1301,130139,0386,038605,222,289,1,289,222,67,20012
A,20010224,162043,1000039,00077A,0000646,1,13,1302,130205,1380,138005,393,511,1,511,393,118,20012
D,20010224,162043,1000039,00077D,0000233,1,11,1101,110142,0244,024400,406,528,1,528,406,122,20012
B,20010224,162043,1000040,00077B,0000547,1,14,1404,140497,0338,033801,183,238,1,238,183,55,20012
A,20010224,162043,1000039,00077A,0000233,1,11,1101,110142,0244,024400,406,528,1,528,406,122,20012
D,20010224,112454,1000041,00254D,0000534,1,11,1104,110415,1226,122600,374,487,1,487,374,113,20012
B,20010224,162043,1000040,00077B,0000239,1,11,1104,110497,0781,078100,225,293,1,293,225,68,20012
A,20010224,162043,1000039,00077A,0000532,1,13,1301,130121,1482,148204,202,263,1,263,202,61,20012
D,20010224,162043,1000039,00077D,0000378,1,13,1301,130139,0386,038605,222,289,6,1734,1332,402,20012
B,20010224,112454,1000042,00254B,0000339,1,11,1105,110501,1285,128501,430,559,1,559,430,129,20012
A,20010224,162043,1000039,00077A,0000378,1,13,1301,130139,0386,038605,222,289,1,289,222,67,20012
D,20010224,162043,1000039,00077D,0000646,1,13,1302,130205,1380,138005,393,511,1,511,393,118,20012
B,20010224,162043,1000040,00077B,0000233,1,11,1101,110142,0244,024400,406,528,1,528,406,122,20012
A,20010224,162043,1000039,00077A,0000547,1,14,1404,140497,0338,033801,183,238,1,238,183,55,20012
D,20010224,112454,1000041,00254D,0000600,1,14,1406,140621,1730,173000,245,319,1,319,245,74,20012
B,20010224,162043,1000040,00077B,0000431,1,11,1101,110129,1705,170502,207,270,5,1350,1035,315,20012
C,20010226,144910,1000039,00168C,0000266,1,11,1104,110407,1862,186200,334,435,1,435,334,101,20012
A,20010226,133433,1000043,00271A,0000248,1,13,1301,130137,0340,034000,373,485,1,485,373,112,20012
D,20010226,144910,1000042,00168D,0000417,1,11,1107,110703,0442,044204,395,514,2,1028,790,238,20012
B,20010226,133433,1000044,00271B,0000392,1,14,1401,140107,1376,137605,254,331,1,331,254,77,20012
C,20010226,144910,1000039,00168C,0000553,1,14,1403,140307,0617,061702,249,324,1,324,249,75,20012
A,20010226,133433,1000043,00271A,0000244,1,11,1107,110797,1203,120300,272,354,1,354,272,82,20012
D,20010226,144910,1000042,00168D,0000280,1,14,1403,140316,0175,017501,253,329,1,329,253,76,20012
B,20010226,133433,1000044,00271B,0000244,1,11,1107,110797,1203,120300,272,354,1,354,272,82,20012
C,20010226,144910,1000039,00168C,0000226,1,11,1107,110705,0904,090400,339,441,1,441,339,102,20012
A,20010226,133433,1000043,00271A,0000392,1,14,1401,140107,1376,137605,254,331,5,1655,1270,385,20012
D,20010226,144910,1000042,00168D,0000463,1,14,1402,140211,0108,010800,333,433,1,433,333,100,20012
B,20010226,144910,1000043,00168B,0000715,1,11,1121,112111,1378,137804,288,375,1,375,288,87,20012
C,20010226,144910,1000039,00168C,0000417,1,11,1107,110703,0442,044204,395,514,5,2570,1975,595,20012
A,20010226,144910,1000042,00168A,0000715,1,11,1121,112111,1378,137804,288,375,5,1875,1440,435,20012
D,20010226,144910,1000042,00168D,0000226,1,11,1107,110705,0904,090400,339,441,1,441,339,102,20012
B,20010226,144910,1000043,00168B,0000399,1,11,1113,111307,0939,093902,198,258,5,1290,990,300,20012
C,20010226,144910,1000039,00168C,0000280,1,14,1403,140316,0175,017501,253,329,6,1974,1518,456,20012
A,20010226,144910,1000042,00168A,0000469,1,11,1113,111303,1417,141703,201,315,1,315,201,114,20012
D,20010226,144910,1000042,00168D,0000399,1,11,1113,111307,0939,093902,198,297,1,297,198,99,20012
B,20010226,144910,1000043,00168B,0000324,1,11,1120,112005,1854,185406,286,372,1,372,286,86,20012
C,20010226,144910,1000039,00168C,0000463,1,14,1402,140211,0108,010800,333,433,5,2165,1665,500,20012
A,20010226,144910,1000042,00168A,0000226,1,11,1107,110705,0904,090400,339,441,1,441,339,102,20012
D,20010226,144910,1000042,00168D,0000553,1,14,1403,140307,0617,061702,249,458,5,2290,1245,1045,20012
B,20010226,144910,1000043,00168B,0000469,1,11,1113,111303,1417,141703,201,262,1,262,201,61,20012
C,20010226,144910,1000039,00168C,0000323,1,14,1406,140697,1714,171400,327,426,1,426,327,99,20012
A,20010226,144910,1000042,00168A,0000417,1,11,1107,110703,0442,044204,395,514,1,514,395,119,20012
D,20010226,144910,1000042,00168D,0000715,1,11,1121,112111,1378,137804,288,375,1,375,288,87,20012
B,20010226,144910,1000043,00168B,0000280,1,14,1403,140316,0175,017501,253,329,1,329,253,76,20012
C,20010226,144910,1000039,00168C,0000469,1,11,1113,111303,1417,141703,201,262,1,262,201,61,20012
A,20010226,144910,1000042,00168A,0000323,1,14,1406,140697,1714,171400,327,426,1,426,327,99,20012
D,20010226,144910,1000042,00168D,0000266,1,11,1104,110407,1862,186200,334,435,1,435,334,101,20012
B,20010226,144910,1000043,00168B,0000226,1,11,1107,110705,0904,090400,339,441,4,1764,1356,408,20012
C,20010226,144910,1000039,00168C,0000324,1,11,1120,112005,1854,185406,286,372,1,372,286,86,20012
A,20010226,144910,1000042,00168A,0000463,1,14,1402,140211,0108,010800,333,596,1,596,333,263,20012
D,20010226,144910,1000042,00168D,0000469,1,11,1113,111303,1417,141703,201,262,6,1572,1206,366,20012
B,20010226,144910,1000043,00168B,0000323,1,14,1406,140697,1714,171400,327,426,1,426,327,99,20012
C,20010226,144910,1000039,00168C,0000399,1,11,1113,111307,0939,093902,198,258,2,516,396,120,20012
A,20010226,144910,1000042,00168A,0000280,1,14,1403,140316,0175,017501,253,329,5,1645,1265,380,20012
D,20010226,144910,1000042,00168D,0000323,1,14,1406,140697,1714,171400,327,426,1,426,327,99,20012
B,20010226,144910,1000043,00168B,0000553,1,14,1403,140307,0617,061702,249,390,1,390,249,141,20012
C,20010226,144910,1000039,00168C,0000715,1,11,1121,112111,1378,137804,288,375,1,375,288,87,20012
A,20010226,144910,1000042,00168A,0000553,1,14,1403,140307,0617,061702,249,324,1,324,249,75,20012
D,20010226,144910,1000042,00168D,0000324,1,11,1120,112005,1854,185406,286,405,1,405,286,119,20012
B,20010226,144910,1000043,00168B,0000266,1,11,1104,110407,1862,186200,334,435,1,435,334,101,20012
A,20010226,144910,1000042,00168A,0000324,1,11,1120,112005,1854,185406,286,372,7,2604,2002,602,20012
B,20010226,144910,1000043,00168B,0000463,1,14,1402,140211,0108,010800,333,433,1,433,333,100,20012
A,20010226,144910,1000042,00168A,0000266,1,11,1104,110407,1862,186200,334,435,1,435,334,101,20012
B,20010226,144910,1000043,00168B,0000417,1,11,1107,110703,0442,044204,395,514,1,514,395,119,20012
A,20010226,144910,1000042,00168A,0000399,1,11,1113,111307,0939,093902,198,258,5,1290,990,300,20012
B,20010226,133433,1000044,00271B,0000248,1,13,1301,130137,0340,034000,373,485,5,2425,1865,560,20012
C,20010227,175947,1000041,00052C,0000664,1,11,1116,111697,1725,172503,319,415,6,2490,1914,576,20012
D,20010227,175947,1000044,00052D,0000664,1,11,1116,111697,1725,172503,319,415,1,415,319,96,20012
A,20010227,132952,1000047,00272A,0000239,1,11,1104,110497,0781,078100,225,293,5,1465,1125,340,20012
B,20010227,182754,1000047,00217B,0000077,1,11,1115,111511,1819,181900,321,418,1,418,321,97,20012
C,20010227,170615,1000040,00004C,0000320,1,14,1403,140327,1903,190301,95,124,1,124,95,29,20012
D,20010227,170615,1000043,00004D,0000320,1,14,1403,140327,1903,190301,95,124,1,124,95,29,20012
A,20010227,132952,1000047,00272A,0000311,1,11,1116,111603,1776,177601,339,441,1,441,339,102,20012
B,20010227,170615,1000045,00004B,0000496,1,11,1101,110197,0338,033802,456,593,1,593,456,137,20012
C,20010227,170615,1000040,00004C,0000568,1,11,1111,111113,0463,046305,81,106,1,106,81,25,20012
D,20010227,170615,1000043,00004D,0000438,1,14,1403,140309,1100,110001,208,271,1,271,208,63,20012
A,20010227,170615,1000044,00004A,0000496,1,11,1101,110197,0338,033802,456,593,5,2965,2280,685,20012
B,20010227,170615,1000045,00004B,0000568,1,11,1111,111113,0463,046305,81,106,1,106,81,25,20012
C,20010227,170615,1000040,00004C,0000438,1,14,1403,140309,1100,110001,208,271,5,1355,1040,315,20012
D,20010227,170615,1000043,00004D,0000324,1,11,1120,112005,1854,185406,286,405,1,405,286,119,20012
A,20010227,170615,1000044,00004A,0000324,1,11,1120,112005,1854,185406,286,372,1,372,286,86,20012
B,20010227,170615,1000045,00004B,0000324,1,11,1120,112005,1854,185406,286,372,1,372,286,86,20012
C,20010227,170615,1000040,00004C,0000381,1,11,1113,111397,0678,067801,292,380,1,380,292,88,20012
D,20010227,170615,1000043,00004D,0000568,1,11,1111,111113,0463,046305,81,106,1,106,81,25,20012
A,20010227,170615,1000044,00004A,0000438,1,14,1403,140309,1100,110001,208,271,1,271,208,63,20012
B,20010227,170615,1000045,00004B,0000320,1,14,1403,140327,1903,190301,95,124,1,124,95,29,20012
C,20010227,170615,1000040,00004C,0000496,1,11,1101,110197,0338,033802,456,593,4,2372,1824,548,20012
D,20010227,170615,1000043,00004D,0000610,1,11,1114,111401,0977,097702,295,384,1,384,295,89,20012
A,20010227,170615,1000044,00004A,0000320,1,14,1403,140327,1903,190301,95,124,5,620,475,145,20012
B,20010227,170615,1000045,00004B,0000610,1,11,1114,111401,0977,097702,295,384,1,384,295,89,20012
C,20010227,170615,1000040,00004C,0000555,1,11,1119,111997,1558,155803,93,121,1,121,93,28,20012
D,20010227,170615,1000043,00004D,0000555,1,11,1119,111997,1558,155803,93,121,6,726,558,168,20012
A,20010227,170615,1000044,00004A,0000555,1,11,1119,111997,1558,155803,93,121,1,121,93,28,20012
B,20010227,132952,1000048,00272B,0000239,1,11,1104,110497,0781,078100,225,293,1,293,225,68,20012
C,20010227,182754,1000042,00217C,0000493,1,11,1113,111305,1755,175504,274,357,1,357,274,83,20012
D,20010227,175947,1000044,00052D,0000329,1,14,1401,140103,0094,009404,288,375,1,375,288,87,20012
A,20010227,170615,1000044,00004A,0000381,1,11,1113,111397,0678,067801,292,380,1,380,292,88,20012
B,20010227,182754,1000047,00217B,0000432,1,11,1105,110509,1258,125804,331,431,1,431,331,100,20012
C,20010227,175947,1000041,00052C,0000329,1,14,1401,140103,0094,009404,288,375,1,375,288,87,20012
D,20010227,175947,1000044,00052D,0000542,1,13,1301,130139,1893,189300,343,446,6,2676,2058,618,20012
A,20010227,170615,1000044,00004A,0000610,1,11,1114,111401,0977,097702,295,384,1,384,295,89,20012
B,20010227,170615,1000045,00004B,0000438,1,14,1403,140309,1100,110001,208,271,1,271,208,63,20012
C,20010227,175947,1000041,00052C,0000423,1,11,1107,110791,0107,010703,290,377,5,1885,1450,435,20012
D,20010227,175947,1000044,00052D,0000359,1,11,1116,111603,0567,056702,325,423,1,423,325,98,20012
A,20010227,170615,1000044,00004A,0000568,1,11,1111,111113,0463,046305,81,106,5,530,405,125,20012
B,20010227,170615,1000045,00004B,0000381,1,11,1113,111397,0678,067801,292,380,1,380,292,88,20012
C,20010227,175947,1000041,00052C,0000132,1,11,1118,111803,1241,124104,164,214,1,214,164,50,20012
D,20010227,175947,1000044,00052D,0000438,1,14,1403,140309,1100,110001,208,271,1,271,208,63,20012
A,20010227,175947,1000045,00052A,0000329,1,14,1401,140103,0094,009404,288,375,4,1500,1152,348,20012
B,20010227,175947,1000046,00052B,0000664,1,11,1116,111697,1725,172503,319,415,1,415,319,96,20012
C,20010227,175947,1000041,00052C,0000542,1,13,1301,130139,1893,189300,343,446,1,446,343,103,20012
D,20010227,175947,1000044,00052D,0000135,1,11,1121,112113,1684,168403,355,462,1,462,355,107,20012
A,20010227,175947,1000045,00052A,0000542,1,13,1301,130139,1893,189300,343,446,5,2230,1715,515,20012
B,20010227,175947,1000046,00052B,0000423,1,11,1107,110791,0107,010703,290,377,1,377,290,87,20012
C,20010227,175947,1000041,00052C,0000359,1,11,1116,111603,0567,056702,325,423,4,1692,1300,392,20012
D,20010227,175947,1000044,00052D,0000412,1,13,1301,130129,0416,041600,336,437,1,437,336,101,20012
A,20010227,175947,1000045,00052A,0000390,1,11,1117,111797,1943,194300,411,535,6,3210,2466,744,20012
B,20010227,182754,1000047,00217B,0000493,1,11,1113,111305,1755,175504,274,357,1,357,274,83,20012
C,20010227,175947,1000041,00052C,0000390,1,11,1117,111797,1943,194300,411,535,6,3210,2466,744,20012
D,20010227,175947,1000044,00052D,0000132,1,11,1118,111803,1241,124104,164,214,5,1070,820,250,20012
A,20010227,175947,1000045,00052A,0000664,1,11,1116,111697,1725,172503,319,415,1,415,319,96,20012
B,20010227,175947,1000046,00052B,0000390,1,11,1117,111797,1943,194300,411,751,6,4506,2466,2040,20012
C,20010227,170615,1000040,00004C,0000610,1,11,1114,111401,0977,097702,295,384,1,384,295,89,20012
D,20010227,175947,1000044,00052D,0000423,1,11,1107,110791,0107,010703,290,377,4,1508,1160,348,20012
A,20010227,175947,1000045,00052A,0000359,1,11,1116,111603,0567,056702,325,423,1,423,325,98,20012
B,20010227,175947,1000046,00052B,0000329,1,14,1401,140103,0094,009404,288,375,4,1500,1152,348,20012
C,20010227,175947,1000041,00052C,0000412,1,13,1301,130129,0416,041600,336,437,1,437,336,101,20012
D,20010227,175947,1000044,00052D,0000390,1,11,1117,111797,1943,194300,411,656,1,656,411,245,20012
A,20010227,175947,1000045,00052A,0000412,1,13,1301,130129,0416,041600,336,437,1,437,336,101,20012
B,20010227,175947,1000046,00052B,0000412,1,13,1301,130129,0416,041600,336,437,1,437,336,101,20012
C,20010227,175947,1000041,00052C,0000438,1,14,1403,140309,1100,110001,208,271,2,542,416,126,20012
D,20010227,182754,1000045,00217D,0000448,1,11,1120,112005,1298,129803,313,407,6,2442,1878,564,20012
A,20010227,175947,1000045,00052A,0000132,1,11,1118,111803,1241,124104,164,214,1,214,164,50,20012
B,20010227,175947,1000046,00052B,0000132,1,11,1118,111803,1241,124104,164,214,1,214,164,50,20012
C,20010227,182754,1000042,00217C,0000703,1,14,1404,140401,0824,082400,256,333,1,333,256,77,20012
D,20010227,182754,1000045,00217D,0000391,1,11,1111,111111,0052,005200,191,249,1,249,191,58,20012
A,20010227,175947,1000045,00052A,0000438,1,14,1403,140309,1100,110001,208,271,1,271,208,63,20012
B,20010227,175947,1000046,00052B,0000542,1,13,1301,130139,1893,189300,343,446,5,2230,1715,515,20012
C,20010227,182754,1000042,00217C,0000189,1,11,1103,110397,1510,151003,321,418,5,2090,1605,485,20012
D,20010227,182754,1000045,00217D,0000558,1,13,1301,130198,1839,183902,312,406,1,406,312,94,20012
A,20010227,175947,1000045,00052A,0000135,1,11,1121,112113,1684,168403,355,462,1,462,355,107,20012
B,20010227,175947,1000046,00052B,0000359,1,11,1116,111603,0567,056702,325,423,7,2961,2275,686,20012
C,20010227,182754,1000042,00217C,0000558,1,13,1301,130198,1839,183902,312,406,1,406,312,94,20012
D,20010227,182754,1000045,00217D,0000077,1,11,1115,111511,1819,181900,321,418,1,418,321,97,20012
A,20010227,175947,1000045,00052A,0000423,1,11,1107,110791,0107,010703,290,377,1,377,290,87,20012
B,20010227,175947,1000046,00052B,0000438,1,14,1403,140309,1100,110001,208,271,1,271,208,63,20012
C,20010227,182754,1000042,00217C,0000077,1,11,1115,111511,1819,181900,321,418,6,2508,1926,582,20012
D,20010227,182754,1000045,00217D,0000504,1,11,1121,112113,0358,035804,297,387,1,387,297,90,20012
A,20010227,182754,1000046,00217A,0000703,1,14,1404,140401,0824,082400,256,333,1,333,256,77,20012
B,20010227,182754,1000047,00217B,0000703,1,14,1404,140401,0824,082400,256,333,1,333,256,77,20012
C,20010227,182754,1000042,00217C,0000504,1,11,1121,112113,0358,035804,297,387,1,387,297,90,20012
D,20010227,182754,1000045,00217D,0000189,1,11,1103,110397,1510,151003,321,418,5,2090,1605,485,20012
A,20010227,182754,1000046,00217A,0000077,1,11,1115,111511,1819,181900,321,418,1,418,321,97,20012
B,20010227,182754,1000047,00217B,0000189,1,11,1103,110397,1510,151003,321,418,1,418,321,97,20012
C,20010227,182754,1000042,00217C,0000432,1,11,1105,110509,1258,125804,331,431,1,431,331,100,20012
D,20010227,170615,1000043,00004D,0000381,1,11,1113,111397,0678,067801,292,380,1,380,292,88,20012
A,20010227,182754,1000046,00217A,0000448,1,11,1120,112005,1298,129803,313,407,5,2035,1565,470,20012
B,20010227,132952,1000048,00272B,0000311,1,11,1116,111603,1776,177601,339,441,5,2205,1695,510,20012
C,20010227,182754,1000042,00217C,0000448,1,11,1120,112005,1298,129803,313,407,1,407,313,94,20012
D,20010227,182754,1000045,00217D,0000493,1,11,1113,111305,1755,175504,274,357,1,357,274,83,20012
A,20010227,182754,1000046,00217A,0000189,1,11,1103,110397,1510,151003,321,418,7,2926,2247,679,20012
B,20010227,182754,1000047,00217B,0000448,1,11,1120,112005,1298,129803,313,407,1,407,313,94,20012
C,20010227,170615,1000040,00004C,0000324,1,11,1120,112005,1854,185406,286,372,5,1860,1430,430,20012
D,20010227,182754,1000045,00217D,0000432,1,11,1105,110509,1258,125804,331,431,1,431,331,100,20012
A,20010227,182754,1000046,00217A,0000432,1,11,1105,110509,1258,125804,331,431,1,431,331,100,20012
B,20010227,182754,1000047,00217B,0000558,1,13,1301,130198,1839,183902,312,406,1,406,312,94,20012
C,20010227,182754,1000042,00217C,0000391,1,11,1111,111111,0052,005200,191,265,1,265,191,74,20012
D,20010227,182754,1000045,00217D,0000703,1,14,1404,140401,0824,082400,256,333,5,1665,1280,385,20012
A,20010227,182754,1000046,00217A,0000391,1,11,1111,111111,0052,005200,191,249,1,249,191,58,20012
B,20010227,182754,1000047,00217B,0000391,1,11,1111,111111,0052,005200,191,249,1,249,191,58,20012
C,20010227,175947,1000041,00052C,0000135,1,11,1121,112113,1684,168403,355,462,1,462,355,107,20012
D,20010227,170615,1000043,00004D,0000496,1,11,1101,110197,0338,033802,456,593,4,2372,1824,548,20012
A,20010227,182754,1000046,00217A,0000558,1,13,1301,130198,1839,183902,312,406,1,406,312,94,20012
B,20010227,182754,1000047,00217B,0000504,1,11,1121,112113,0358,035804,297,387,1,387,297,90,20012
A,20010227,182754,1000046,00217A,0000493,1,11,1113,111305,1755,175504,274,357,6,2142,1644,498,20012
B,20010227,175947,1000046,00052B,0000135,1,11,1121,112113,1684,168403,355,462,1,462,355,107,20012
A,20010227,182754,1000046,00217A,0000504,1,11,1121,112113,0358,035804,297,387,5,1935,1485,450,20012
B,20010227,170615,1000045,00004B,0000555,1,11,1119,111997,1558,155803,93,121,1,121,93,28,20012
C,20010228,093543,1000045,00228C,0000425,1,11,1116,111601,1736,173603,208,271,1,271,208,63,20012
D,20010228,093543,1000048,00228D,0000378,1,13,1301,130139,0386,038605,222,289,1,289,222,67,20012
A,20010228,093543,1000050,00228A,0000182,1,11,1121,112113,0019,001902,381,496,1,496,381,115,20012
B,20010228,093543,1000051,00228B,0000425,1,11,1116,111601,1736,173603,208,271,1,271,208,63,20012
C,20010228,093543,1000045,00228C,0000182,1,11,1121,112113,0019,001902,381,496,1,496,381,115,20012
D,20010228,093543,1000048,00228D,0000182,1,11,1121,112113,0019,001902,381,496,1,496,381,115,20012
A,20010228,093543,1000050,00228A,0000425,1,11,1116,111601,1736,173603,208,271,1,271,208,63,20012
B,20010228,093543,1000051,00228B,0000378,1,13,1301,130139,0386,038605,222,289,1,289,222,67,20012
C,20010228,114441,1000044,00112C,0000370,1,11,1102,110211,1261,126101,224,292,4,1168,896,272,20012
D,20010228,114441,1000047,00112D,0000447,1,11,1105,110511,1574,157403,324,422,5,2110,1620,490,20012
A,20010228,093543,1000050,00228A,0000378,1,13,1301,130139,0386,038605,222,289,1,289,222,67,20012
B,20010228,114441,1000050,00112B,0000477,1,11,1104,110411,1463,146303,575,748,1,748,575,173,20012
C,20010228,114441,1000044,00112C,0000548,1,11,1115,111503,1207,120700,305,397,1,397,305,92,20012
D,20010228,114441,1000047,00112D,0000371,1,11,1120,112005,0438,043802,400,520,3,1560,1200,360,20012
A,20010228,114441,1000049,00112A,0000477,1,11,1104,110411,1463,146303,575,748,1,748,575,173,20012
B,20010228,114441,1000050,00112B,0000371,1,11,1120,112005,0438,043802,400,520,5,2600,2000,600,20012
C,20010228,114441,1000044,00112C,0000371,1,11,1120,112005,0438,043802,400,520,1,520,400,120,20012
D,20010228,114441,1000047,00112D,0000548,1,11,1115,111503,1207,120700,305,397,1,397,305,92,20012
A,20010228,114441,1000049,00112A,0000370,1,11,1102,110211,1261,126101,224,292,1,292,224,68,20012
B,20010228,114441,1000050,00112B,0000447,1,11,1105,110511,1574,157403,324,422,1,422,324,98,20012
C,20010228,114441,1000044,00112C,0000458,1,11,1104,110415,1565,156500,393,511,1,511,393,118,20012
D,20010228,114441,1000047,00112D,0000370,1,11,1102,110211,1261,126101,224,292,1,292,224,68,20012
A,20010228,114441,1000049,00112A,0000458,1,11,1104,110415,1565,156500,393,511,1,511,393,118,20012
B,20010228,114441,1000050,00112B,0000370,1,11,1102,110211,1261,126101,224,292,5,1460,1120,340,20012
C,20010228,114441,1000044,00112C,0000477,1,11,1104,110411,1463,146303,575,748,1,748,575,173,20012
D,20010228,114441,1000047,00112D,0000477,1,11,1104,110411,1463,146303,575,748,5,3740,2875,865,20012
A,20010228,114441,1000049,00112A,0000371,1,11,1120,112005,0438,043802,400,520,1,520,400,120,20012
B,20010228,114441,1000050,00112B,0000458,1,11,1104,110415,1565,156500,393,511,1,511,393,118,20012
C,20010228,114441,1000044,00112C,0000419,1,11,1112,111211,0736,073600,296,385,1,385,296,89,20012
D,20010228,114441,1000047,00112D,0000474,1,11,1118,111897,1812,181200,190,247,1,247,190,57,20012
A,20010228,114441,1000049,00112A,0000447,1,11,1105,110511,1574,157403,324,422,1,422,324,98,20012
B,20010228,114441,1000050,00112B,0000548,1,11,1115,111503,1207,120700,305,397,5,1985,1525,460,20012
C,20010228,114441,1000044,00112C,0000447,1,11,1105,110511,1574,157403,324,422,1,422,324,98,20012
D,20010228,155636,1000046,00005D,0000437,1,13,1301,130141,1950,195003,381,496,1,496,381,115,20012
A,20010228,114441,1000049,00112A,0000548,1,11,1115,111503,1207,120700,305,397,1,397,305,92,20012
B,20010228,155636,1000049,00005B,0000508,1,11,1117,111701,0471,047104,344,448,1,448,344,104,20012
C,20010228,114441,1000044,00112C,0000474,1,11,1118,111897,1812,181200,190,247,1,247,190,57,20012
D,20010228,114441,1000047,00112D,0000458,1,11,1104,110415,1565,156500,393,511,1,511,393,118,20012
A,20010228,114441,1000049,00112A,0000474,1,11,1118,111897,1812,181200,190,247,5,1235,950,285,20012
B,20010228,114441,1000050,00112B,0000474,1,11,1118,111897,1812,181200,190,247,5,1235,950,285,20012
C,20010228,155636,1000043,00005C,0000365,1,14,1401,140111,0769,076900,161,210,1,210,161,49,20012
D,20010228,155636,1000046,00005D,0000259,1,11,1106,110697,0061,006101,263,342,1,342,263,79,20012
A,20010228,114441,1000049,00112A,0000419,1,11,1112,111211,0736,073600,296,385,2,770,592,178,20012
B,20010228,155636,1000049,00005B,0000259,1,11,1106,110697,0061,006101,263,342,1,342,263,79,20012
C,20010228,155636,1000043,00005C,0000508,1,11,1117,111701,0471,047104,344,448,5,2240,1720,520,20012
D,20010228,155636,1000046,00005D,0000544,1,14,1404,140403,1717,171700,438,570,1,570,438,132,20012
A,20010228,155636,1000048,00005A,0000259,1,11,1106,110697,0061,006101,263,342,6,2052,1578,474,20012
B,20010228,155636,1000049,00005B,0000544,1,14,1404,140403,1717,171700,438,570,1,570,438,132,20012
C,20010228,155636,1000043,00005C,0000259,1,11,1106,110697,0061,006101,263,342,1,342,263,79,20012
D,20010228,155636,1000046,00005D,0000365,1,14,1401,140111,0769,076900,161,210,5,1050,805,245,20012
A,20010228,155636,1000048,00005A,0000404,1,11,1115,111597,0728,072803,609,792,2,1584,1218,366,20012
B,20010228,155636,1000049,00005B,0000365,1,14,1401,140111,0769,076900,161,210,1,210,161,49,20012
C,20010228,155636,1000043,00005C,0000544,1,14,1404,140403,1717,171700,438,570,1,570,438,132,20012
D,20010228,155636,1000046,00005D,0000508,1,11,1117,111701,0471,047104,344,448,1,448,344,104,20012
A,20010228,155636,1000048,00005A,0000365,1,14,1401,140111,0769,076900,161,210,1,210,161,49,20012
B,20010228,155636,1000049,00005B,0000437,1,13,1301,130141,1950,195003,381,496,1,496,381,115,20012
C,20010228,155636,1000043,00005C,0000404,1,11,1115,111597,0728,072803,609,1030,1,1030,609,421,20012
D,20010228,155636,1000046,00005D,0000404,1,11,1115,111597,0728,072803,609,792,3,2376,1827,549,20012
A,20010228,155636,1000048,00005A,0000508,1,11,1117,111701,0471,047104,344,448,1,448,344,104,20012
B,20010228,155636,1000049,00005B,0000404,1,11,1115,111597,0728,072803,609,792,1,792,609,183,20012
C,20010228,155636,1000043,00005C,0000437,1,13,1301,130141,1950,195003,381,496,6,2976,2286,690,20012
D,20010228,093543,1000048,00228D,0000425,1,11,1116,111601,1736,173603,208,328,1,328,208,120,20012
A,20010228,155636,1000048,00005A,0000544,1,14,1404,140403,1717,171700,438,570,1,570,438,132,20012
B,20010228,114441,1000050,00112B,0000419,1,11,1112,111211,0736,073600,296,385,6,2310,1776,534,20012
C,20010228,093543,1000045,00228C,0000378,1,13,1301,130139,0386,038605,222,289,6,1734,1332,402,20012
D,20010228,114441,1000047,00112D,0000419,1,11,1112,111211,0736,073600,296,385,1,385,296,89,20012
A,20010228,155636,1000048,00005A,0000437,1,13,1301,130141,1950,195003,381,496,5,2480,1905,575,20012
B,20010228,093543,1000051,00228B,0000182,1,11,1121,112113,0019,001902,381,496,1,496,381,115,20012
